# www.meshy.ai
mtllib bunny_source.mtl
o Meshy_AI_Rocket_Ranger_Rabbit_1005130556_texture
v -0.000027 0.052668 -0.000692
v -0.009306 0.051827 0.003143
v -0.000066 0.050280 0.006997
v 0.007832 0.052124 -0.007012
v -0.000058 0.052016 -0.009012
v -0.007851 0.052066 -0.006971
v 0.009277 0.051800 0.003129
v 0.008759 0.024359 -0.007863
v 0.005699 0.043058 -0.008157
v 0.008165 0.042427 -0.006601
v 0.004879 0.023407 -0.006297
v 0.002428 0.041060 -0.006800
v 0.005373 0.013082 -0.008629
v 0.014110 0.023578 -0.005855
v 0.015662 0.021449 -0.007903
v 0.011240 0.013991 -0.010877
v -0.006677 0.079626 0.006259
v -0.005316 0.082093 0.003607
v -0.009633 0.081262 0.005816
v -0.007999 0.077912 0.007150
v -0.003093 0.078947 0.006579
v -0.010526 0.043948 -0.000590
v -0.008265 0.045654 0.003734
v -0.009157 0.046611 -0.006342
v -0.003859 0.043577 0.005893
v 0.016196 0.079475 -0.007636
v 0.011346 0.087229 -0.001115
v 0.017191 0.078841 -0.001804
v 0.020550 0.070104 -0.008186
v 0.015520 0.076778 -0.013122
v 0.010128 0.086387 -0.008249
v 0.009665 0.003257 0.013675
v 0.008229 0.003117 0.010456
v 0.008479 0.003117 0.014483
v 0.013369 0.003310 0.015080
v 0.010712 0.007052 0.015175
v 0.007842 0.006633 0.010936
v 0.013255 0.003477 0.016439
v -0.023142 0.063115 -0.004044
v -0.014418 0.061941 -0.001322
v -0.023320 0.061650 -0.001129
v -0.032068 0.061583 -0.007172
v -0.023270 0.066740 -0.003959
v -0.015059 0.066593 -0.004072
v -0.014842 0.063180 -0.003998
v -0.011006 0.049008 0.006922
v -0.006961 0.047222 0.006847
v -0.009735 0.052366 0.006895
v -0.011458 0.048352 0.001793
v -0.012520 0.049163 0.002738
v 0.006927 0.078571 0.003850
v 0.009511 0.084123 0.002481
v 0.006844 0.081135 0.006704
v 0.002725 0.079257 0.004734
v 0.021022 0.002906 0.012143
v 0.020423 0.003222 0.010463
v 0.018336 0.003234 0.014244
v 0.020058 0.003156 0.014681
v 0.021340 0.003160 0.010271
v 0.020611 0.000000 0.013807
v -0.004437 0.067325 -0.008099
v -0.000199 0.070165 -0.007554
v -0.000082 0.059977 -0.007818
v -0.008687 0.064990 -0.006847
v -0.008325 0.069666 -0.006525
v -0.007989 0.059981 -0.006557
v -0.008754 0.024443 -0.007908
v -0.005404 0.013245 -0.008784
v -0.011289 0.014096 -0.010963
v -0.015698 0.021274 -0.007931
v -0.008257 0.042482 -0.006636
v -0.005710 0.043063 -0.008134
v -0.014159 0.023554 -0.005925
v -0.002575 0.041132 -0.006841
v -0.004818 0.023301 -0.006306
v 0.007438 0.077866 0.007205
v 0.006231 0.079583 0.006316
v 0.002603 0.078836 0.006631
v 0.009452 0.076673 0.004049
v 0.009143 0.081289 0.005827
v 0.006855 0.075315 0.007027
v 0.002098 0.076788 0.010613
v 0.001482 0.053721 -0.015324
v -0.001508 0.053742 -0.015284
v -0.000024 0.053762 -0.011237
v 0.003463 0.052912 -0.011184
v 0.003093 0.051232 -0.017923
v -0.011457 0.086561 0.004776
v -0.000264 0.088792 0.001585
v -0.011679 0.085224 0.011855
v -0.011535 0.085328 0.011840
v -0.011599 0.095965 -0.001862
v -0.011799 0.085929 0.000920
v -0.010125 0.097568 0.004812
v -0.010035 0.086821 0.006929
v -0.033467 0.061273 0.002929
v -0.039020 0.059596 0.005722
v -0.037082 0.061721 0.002537
v -0.030998 0.062748 -0.004789
v -0.030497 0.062903 0.002521
v -0.036066 0.061430 -0.005549
v -0.034819 0.063848 0.004799
v -0.038137 0.060776 0.007343
v -0.000255 0.089756 0.017575
v -0.000336 0.089023 0.010920
v -0.005666 0.088448 0.009924
v 0.005155 0.088408 0.010017
v -0.007238 0.088004 0.017547
v -0.000344 0.089379 0.019019
v 0.006682 0.087956 0.017558
v 0.016902 0.014680 -0.008710
v 0.019156 0.014492 -0.002750
v 0.011950 0.013925 -0.002680
v -0.007429 0.075374 0.007052
v -0.009952 0.076606 0.004040
v -0.007898 0.074184 0.003616
v -0.000260 0.073923 0.009665
v -0.002542 0.076814 0.010627
v -0.004341 0.073413 0.007282
v -0.008464 0.003251 0.014449
v -0.009409 0.003127 0.012953
v -0.012096 0.003255 0.014850
v -0.014291 0.003529 0.016568
v -0.012402 0.000493 0.015974
v -0.007109 0.003159 0.010740
v -0.008379 0.000000 0.014182
v 0.046905 0.064036 -0.000877
v 0.045735 0.061682 -0.000758
v 0.044516 0.063699 -0.006591
v 0.041713 0.065729 -0.006659
v 0.042452 0.066480 -0.000739
v 0.045821 0.063941 0.003337
v 0.044614 0.061953 0.003115
v 0.011232 0.048379 0.001830
v 0.010725 0.055911 0.002235
v 0.011518 0.055420 0.002975
v 0.010861 0.048961 0.006946
v 0.006749 0.047284 0.006896
v 0.012315 0.049174 0.002745
v -0.013065 0.076186 -0.016006
v -0.016690 0.067552 -0.018338
v -0.019465 0.068883 -0.014553
v -0.010126 0.074916 -0.015544
v -0.013614 0.065875 -0.016941
v -0.016043 0.076701 -0.013150
v -0.007819 0.083500 -0.012914
v -0.010729 0.086418 -0.008295
v -0.018836 0.008298 0.004178
v -0.018154 0.006897 -0.007645
v -0.018918 0.003017 0.002310
v -0.008196 0.008162 0.003849
v -0.006753 0.015037 0.002652
v -0.016418 0.016651 -0.007262
v -0.015946 0.015668 0.002687
v -0.018040 0.009758 0.011368
v -0.010359 0.009799 0.011548
v 0.013081 0.065810 -0.016919
v 0.012546 0.076339 -0.016000
v 0.016077 0.067520 -0.018322
v 0.015476 0.060461 -0.014867
v 0.018453 0.062686 -0.003067
v 0.013865 0.077578 0.001097
v 0.009713 0.074941 -0.015501
v 0.018088 0.061508 -0.017295
v 0.037666 0.060803 0.007419
v 0.034205 0.063727 0.004790
v 0.032979 0.061122 0.002955
v 0.038581 0.059453 0.005720
v 0.039554 0.061964 0.006803
v -0.006281 0.094904 -0.010554
v -0.009762 0.093170 -0.008503
v -0.010040 0.095236 -0.002103
v -0.006522 0.097584 0.000485
v -0.000269 0.084713 -0.014105
v -0.006441 0.083007 -0.012749
v -0.000274 0.095901 -0.011489
v -0.000273 0.098984 0.000381
v -0.004835 0.046677 -0.009967
v -0.000085 0.049681 -0.005901
v -0.005576 0.050380 -0.011604
v -0.004219 0.046901 -0.017146
v -0.003180 0.043426 -0.012887
v 0.000030 0.044221 -0.008918
v 0.004809 0.082071 0.003663
v 0.005107 0.000000 -0.003443
v 0.018346 0.000000 -0.009248
v 0.019440 0.000000 -0.003772
v 0.019423 0.001134 -0.003697
v 0.005422 0.001290 -0.003608
v 0.005283 0.000000 -0.007476
v -0.041389 0.063663 0.003404
v -0.037835 0.064496 0.003991
v -0.043029 0.066032 0.003406
v -0.044668 0.062132 0.003239
v -0.041681 0.064063 -0.000844
v -0.046074 0.064011 0.003283
v -0.040218 0.061005 0.004805
v -0.000278 0.074745 -0.007696
v -0.000267 0.073283 -0.001266
v -0.008023 0.074372 -0.002128
v -0.008120 0.077273 -0.008164
v -0.000262 0.078102 -0.011866
v 0.007491 0.074309 -0.002037
v 0.007655 0.077235 -0.008175
v 0.017055 0.000454 0.015969
v 0.008414 0.000000 0.014182
v 0.017360 0.003189 0.016049
v -0.014462 0.063055 0.001059
v -0.023129 0.063057 0.001355
v -0.007756 0.060453 0.000136
v -0.008046 0.062508 -0.005853
v -0.003926 0.012080 -0.002362
v -0.012163 0.013781 -0.002671
v 0.030276 0.068171 -0.000874
v 0.037011 0.067956 -0.001694
v 0.030503 0.066642 -0.004609
v 0.032668 0.067038 0.002785
v 0.029856 0.066909 0.002187
v 0.009068 0.046621 -0.006377
v -0.007841 0.089232 0.007535
v -0.007618 0.083924 0.007655
v -0.002948 0.083687 0.009474
v -0.009118 0.095172 0.004769
v -0.010529 0.083194 0.004082
v -0.000278 0.089497 0.010578
v -0.005241 0.096923 0.007578
v -0.015775 0.007174 -0.010149
v -0.017884 0.003314 -0.008569
v 0.007766 0.063462 0.003872
v 0.013794 0.066326 0.001230
v 0.007248 0.068940 0.002976
v 0.013770 0.063027 0.001087
v 0.007397 0.060401 0.000180
v -0.003356 0.079252 0.004701
v -0.002783 0.083171 0.005293
v -0.007322 0.081175 0.006673
v -0.007452 0.078608 0.003812
v -0.005240 0.054825 0.007025
v -0.010934 0.055949 0.002216
v -0.011729 0.055539 0.002994
v -0.009155 0.054901 0.008575
v 0.011011 0.095885 -0.001907
v 0.010909 0.086511 0.004791
v 0.011255 0.085862 0.000944
v 0.005209 0.021325 0.003025
v 0.003823 0.012153 -0.002336
v 0.005916 0.012573 0.003714
v 0.009185 0.024008 0.004726
v 0.002196 0.029044 -0.000455
v 0.004457 0.021265 -0.001959
v 0.003242 0.033714 0.004660
v -0.032185 0.068198 -0.007277
v -0.032136 0.061490 0.004973
v -0.032249 0.068070 0.004889
v -0.023482 0.068093 -0.001178
v -0.032301 0.069690 -0.001252
v -0.020450 0.006679 0.010998
v -0.020540 0.003133 0.010414
v -0.018173 0.003228 0.014365
v -0.017980 0.007079 0.015029
v 0.004816 0.070873 -0.002532
v 0.003683 0.067877 -0.003009
v 0.004011 0.069306 0.002969
v 0.008006 0.069649 -0.006530
v 0.008957 0.070461 -0.002213
v 0.005109 0.054845 0.007059
v -0.007188 0.092995 -0.012559
v -0.000268 0.093339 -0.014570
v -0.000271 0.083734 -0.014944
v -0.000237 0.096848 -0.011858
v -0.010380 0.094658 -0.008899
v 0.004839 0.046661 -0.010035
v 0.005498 0.050293 -0.011659
v -0.003466 0.052965 -0.011229
v 0.011064 0.085201 0.011750
v 0.006689 0.087597 0.017596
v 0.011015 0.085343 0.011760
v 0.009831 0.003389 -0.009728
v 0.017787 0.003360 -0.008526
v 0.014294 0.003498 -0.011590
v 0.006470 0.003430 -0.009855
v 0.015734 0.006544 -0.010064
v 0.009185 0.008106 -0.009784
v 0.005895 0.003383 -0.006600
v 0.006796 0.006616 -0.007252
v -0.014358 0.066390 0.001196
v -0.008315 0.063525 0.003853
v -0.014654 0.068153 -0.001732
v -0.023386 0.066237 0.001691
v -0.007671 0.068968 0.002979
v -0.007653 0.046048 -0.009741
v -0.000051 0.046024 -0.010122
v -0.000086 0.050921 -0.001405
v -0.009178 0.045805 -0.009247
v 0.007282 0.089148 0.007642
v 0.002439 0.083603 0.009518
v 0.007042 0.083870 0.007744
v 0.010065 0.083222 0.004109
v 0.008613 0.095132 0.004831
v 0.004699 0.096858 0.007678
v 0.015835 0.022620 -0.001530
v 0.017459 0.013978 0.003260
v -0.000225 0.077325 0.012071
v 0.001398 0.077963 0.010937
v -0.000199 0.078041 0.012009
v -0.000197 0.076240 0.011520
v -0.001883 0.078009 0.010947
v -0.008741 0.003021 0.002827
v -0.007882 0.006669 0.010908
v -0.008287 0.003035 0.010439
v -0.005769 0.003333 -0.006605
v 0.020391 0.061877 -0.014870
v 0.018263 0.059490 -0.014905
v 0.022672 0.063564 -0.006781
v 0.018951 0.068923 -0.014518
v 0.003733 0.043576 0.005936
v 0.008182 0.045604 0.003758
v -0.000040 0.042321 0.006193
v 0.000209 0.040541 0.001286
v -0.043052 0.066562 -0.000828
v -0.047152 0.064135 -0.000832
v -0.037412 0.068097 -0.001669
v -0.042276 0.065871 -0.006671
v -0.045024 0.063829 -0.006522
v -0.039784 0.062088 0.006822
v -0.007334 0.087635 0.017632
v -0.000304 0.088976 0.018861
v 0.007304 0.083540 -0.012991
v 0.015928 0.015710 0.002645
v 0.018871 0.008193 0.004176
v 0.016423 0.016669 -0.007127
v 0.006654 0.014947 0.002681
v 0.013194 0.008570 0.005510
v -0.018616 0.061544 -0.017214
v -0.005082 0.000000 -0.003459
v -0.005272 0.000000 -0.007666
v -0.005445 0.001318 -0.003566
v -0.019460 0.000000 -0.003859
v -0.018235 0.000000 -0.009398
v -0.019374 0.001131 -0.003969
v 0.029939 0.062817 0.002490
v 0.037333 0.064448 0.003876
v -0.000035 0.041635 -0.008402
v -0.000069 0.046165 -0.009426
v -0.011677 0.078539 -0.002184
v -0.017050 0.014735 -0.008661
v 0.007380 0.074111 0.003691
v 0.003958 0.072923 0.003992
v 0.003836 0.073378 0.007286
v 0.043467 0.061934 -0.006220
v 0.041351 0.064063 -0.000708
v -0.000282 0.099268 0.009179
v -0.005800 0.098618 0.008188
v 0.005348 0.098617 0.008133
v -0.015895 0.022586 -0.001452
v -0.013697 0.025812 0.003458
v 0.008807 0.002983 0.003031
v 0.007027 0.003203 0.010703
v -0.037915 0.066721 -0.006402
v -0.031063 0.066749 -0.004656
v -0.019252 0.003101 0.000794
v -0.021431 0.003159 0.010389
v -0.020264 0.003146 0.014443
v 0.007580 0.068407 -0.006453
v 0.013739 0.068126 -0.001748
v 0.014440 0.066514 -0.004049
v 0.007364 0.070086 -0.001843
v 0.007492 0.062435 -0.005743
v 0.009565 0.052306 0.006944
v -0.003159 0.051263 -0.017897
v 0.009724 0.097500 0.004900
v 0.009499 0.086764 0.006944
v -0.000263 0.100000 0.000703
v -0.000246 0.081187 0.009454
v -0.000229 0.083660 0.010387
v 0.018369 0.003549 -0.009479
v 0.006944 0.000000 -0.009943
v 0.014031 0.000000 -0.011563
v -0.004758 0.066509 0.003037
v -0.004215 0.062384 0.006795
v -0.000139 0.066772 0.004070
v -0.004369 0.069331 0.002978
v -0.004122 0.063517 0.007862
v -0.003986 0.067905 -0.003080
v -0.010847 0.006849 0.015245
v 0.019096 0.067446 0.000488
v 0.022245 0.067460 -0.003525
v 0.020723 0.062656 -0.003031
v 0.008997 0.054887 0.008572
v -0.016624 0.079737 -0.007527
v -0.017721 0.078768 -0.001830
v -0.021018 0.070083 -0.008239
v -0.019288 0.014504 -0.002749
v -0.017601 0.013997 0.003238
v -0.000297 0.072587 0.006753
v 0.019721 0.060995 -0.006216
v -0.006635 0.084504 0.006498
v -0.010010 0.084058 0.002505
v -0.003322 0.033741 0.004590
v -0.005276 0.021290 0.002913
v -0.002256 0.029186 -0.000419
v -0.000377 0.040593 0.001256
v -0.009206 0.023999 0.004713
v 0.037222 0.066574 -0.006262
v 0.030443 0.062732 -0.004759
v 0.008165 0.008220 0.003731
v -0.020893 0.061894 -0.014850
v -0.018710 0.059475 -0.014986
v -0.023211 0.063607 -0.006759
v 0.006676 0.093047 -0.012491
v 0.009839 0.094467 -0.008852
v 0.020347 0.006688 0.011067
v 0.017986 0.009800 0.011424
v 0.017845 0.007020 0.014985
v 0.019093 0.002820 0.002507
v -0.004558 0.072952 0.004025
v -0.006337 0.003538 -0.009902
v -0.006869 0.000000 -0.009962
v -0.013881 0.003333 -0.011874
v -0.009909 0.003401 -0.009768
v 0.022428 0.062932 0.001432
v 0.022614 0.061675 -0.001220
v 0.031607 0.061363 0.005038
v 0.013680 0.061823 -0.001308
v 0.022632 0.066175 0.001788
v -0.015994 0.060432 -0.014892
v -0.020186 0.060915 -0.006279
v 0.002202 0.083102 0.005324
v 0.006166 0.084587 0.006533
v 0.018214 0.006669 -0.007445
v -0.000138 0.062507 0.007424
v -0.007191 0.057094 0.000743
v -0.004529 0.021154 -0.001895
v -0.005996 0.012525 0.003750
v 0.039425 0.063388 -0.006230
v 0.035643 0.061276 -0.005539
v 0.006140 0.059719 0.008773
v 0.009690 0.059540 0.003077
v 0.011574 0.059981 0.004820
v 0.011437 0.062776 0.004794
v 0.005955 0.062663 0.008588
v 0.003872 0.063507 0.007870
v 0.004613 0.059716 0.008087
v -0.017627 0.000490 0.015685
v -0.020776 0.000000 0.013661
v 0.010114 0.067041 -0.002429
v 0.008417 0.064993 -0.006817
v 0.007692 0.059945 -0.006512
v 0.009813 0.062562 0.003095
v 0.009374 0.059889 -0.001713
v 0.008444 0.069248 0.002916
v 0.013636 0.025831 0.003393
v 0.010436 0.043998 -0.000531
v -0.011299 0.083227 -0.009109
v -0.044335 0.062021 -0.006192
v -0.045839 0.061747 -0.000632
v -0.039872 0.063461 -0.006245
v -0.000246 0.079191 0.009949
v 0.005355 0.044154 0.008202
v 0.011463 0.045176 0.003125
v 0.011316 0.045753 -0.003116
v -0.011962 0.086844 -0.002218
v -0.021573 0.000000 0.010181
v -0.006811 0.000000 0.010446
v 0.014036 0.063054 -0.003912
v 0.022407 0.063131 -0.004028
v -0.002608 0.075669 0.000966
v 0.002202 0.067885 0.000758
v 0.002188 0.075549 0.001032
v -0.002419 0.069398 -0.004789
v -0.002582 0.067951 0.000629
v -0.002365 0.075668 -0.004713
v 0.011244 0.078618 -0.002173
v 0.011468 0.086708 -0.002199
v -0.033276 0.067157 0.002801
v 0.031640 0.061431 -0.007185
v 0.031842 0.059761 -0.000931
v -0.018920 0.062713 -0.003071
v -0.019702 0.067463 0.000433
v -0.021118 0.062666 -0.002983
v -0.014352 0.077606 0.001071
v -0.011853 0.059986 0.004828
v -0.009938 0.059608 0.003063
v -0.004947 0.059687 0.008367
v -0.006087 0.062657 0.008605
v -0.010147 0.062621 0.003095
v -0.011762 0.062864 0.004772
v 0.005726 0.094841 -0.010556
v 0.006023 0.097394 0.000483
v 0.009177 0.093341 -0.008643
v 0.005936 0.082978 -0.012786
v -0.006746 0.006635 -0.007283
v -0.030819 0.068265 -0.000874
v -0.030412 0.066893 0.002208
v 0.002058 0.069407 -0.004725
v 0.004335 0.066574 0.003067
v 0.011467 0.016154 -0.008593
v 0.005469 0.016219 -0.006870
v 0.015504 0.011515 -0.009481
v -0.022782 0.067446 -0.003534
v 0.000017 0.043897 -0.016804
v 0.000001 0.042891 -0.012630
v -0.000082 0.048688 0.007394
v 0.007046 0.057172 0.000708
v 0.003917 0.062413 0.006802
v 0.004881 0.049789 0.007108
v 0.010279 0.009775 0.011600
v -0.008027 0.068438 -0.006458
v -0.007912 0.070193 -0.001789
v -0.013960 0.000000 -0.011703
v 0.043455 0.062338 0.003525
v 0.042419 0.065978 0.003399
v 0.040394 0.063597 0.003450
v 0.022573 0.066626 -0.004001
v 0.031626 0.068058 -0.007293
v 0.031718 0.067926 0.004856
v 0.010864 0.083203 -0.009069
v 0.011857 0.013550 0.005386
v -0.043134 0.062664 -0.006511
v -0.011950 0.013503 0.005370
v 0.004147 0.067251 -0.008022
v -0.005096 0.070839 -0.002623
v 0.003220 0.043429 -0.012907
v 0.006907 0.000000 0.010372
v -0.008848 0.069259 0.002872
v -0.010413 0.067011 -0.002540
v -0.009603 0.059930 -0.001632
v -0.005509 0.016149 -0.006850
v -0.009111 0.008260 -0.009955
v -0.011524 0.016242 -0.008618
v -0.000048 0.047744 -0.018828
v 0.004249 0.046894 -0.017171
v -0.005486 0.044192 0.008284
v -0.011667 0.045217 0.003045
v -0.011530 0.045744 -0.003141
v -0.032412 0.059896 -0.000979
v -0.000189 0.097652 0.008342
v 0.022767 0.067974 -0.001214
v 0.039874 0.060916 0.004879
v 0.036545 0.061657 0.002574
v -0.018471 0.003536 -0.009567
v 0.009018 0.045878 -0.009289
v -0.005058 0.049763 0.007121
v 0.031751 0.069553 -0.001137
v -0.009347 0.070584 -0.002351
v 0.021682 0.000000 0.010156
v 0.002027 0.075627 -0.004696
v -0.030725 0.065512 -0.001121
v 0.007746 0.065626 -0.001168
v 0.030270 0.065454 -0.001108
v -0.008033 0.065682 -0.001188
v -0.011221 0.016124 -0.003461
v 0.000964 0.067450 0.002187
v 0.005651 0.081840 0.004997
v -0.000189 0.075645 -0.001853
v -0.005976 0.081962 0.004359
v -0.008502 0.051571 0.004313
v 0.011183 0.016038 -0.003443
v 0.008271 0.051586 0.004311
vn -0.0006 0.9967 0.0816
vn -0.6401 0.6506 0.4086
vn -0.0003 0.5181 0.8553
vn 0.4229 0.7717 -0.4751
vn -0.0036 0.5524 -0.8336
vn -0.4244 0.7703 -0.4758
vn 0.6396 0.6485 0.4128
vn -0.0347 0.1221 -0.9919
vn 0.1890 -0.0318 -0.9815
vn 0.7040 0.1337 -0.6975
vn -0.8889 -0.0710 -0.4526
vn -0.7024 -0.2292 -0.6739
vn -0.5317 -0.4518 -0.7164
vn 0.7772 0.2708 -0.5680
vn 0.6330 0.4023 -0.6614
vn 0.0536 -0.3072 -0.9501
vn 0.1186 0.5966 0.7937
vn -0.2843 -0.4151 0.8642
vn -0.5378 -0.0387 0.8422
vn -0.4815 0.3106 0.8196
vn -0.5695 0.3751 0.7314
vn -0.9762 0.2140 -0.0349
vn -0.5795 0.0949 0.8094
vn -0.9294 0.1166 -0.3501
vn -0.1191 -0.0624 0.9909
vn 0.8160 0.5371 -0.2138
vn 0.9286 0.3660 -0.0614
vn 0.8582 0.4147 0.3026
vn 0.8996 0.3827 -0.2105
vn 0.7412 0.5011 -0.4467
vn 0.8256 0.3587 -0.4355
vn -0.7278 0.2314 0.6456
vn -0.9312 0.3563 0.0762
vn -0.6050 0.4739 0.6398
vn -0.0131 0.1907 0.9816
vn -0.2678 0.4794 0.8357
vn -0.9773 0.1326 0.1653
vn -0.1886 0.0795 0.9788
vn 0.1407 -0.4963 -0.8567
vn -0.0785 -0.9927 -0.0914
vn 0.1927 -0.9812 -0.0079
vn -0.3143 -0.5278 -0.7891
vn 0.2624 0.3144 -0.9123
vn -0.1279 0.4518 -0.8829
vn -0.1877 -0.3807 -0.9055
vn -0.6208 -0.5005 0.6034
vn 0.6870 -0.6696 0.2822
vn -0.5257 -0.0122 0.8506
vn 0.2181 -0.5046 -0.8354
vn -0.9591 0.0602 0.2765
vn 0.3538 -0.7513 -0.5572
vn 0.8348 0.3088 -0.4558
vn 0.3379 -0.2881 0.8960
vn -0.6579 -0.7368 0.1557
vn 0.7383 0.6385 0.2176
vn 0.9372 0.3420 0.0676
vn 0.6288 0.3484 0.6952
vn 0.6413 0.2213 0.7347
vn 0.8921 0.4470 -0.0662
vn 0.2342 -0.9556 0.1788
vn -0.1198 0.0118 -0.9927
vn 0.0036 0.6799 -0.7333
vn 0.0206 0.1053 -0.9942
vn -0.7856 -0.0632 -0.6154
vn -0.4517 0.6509 -0.6102
vn -0.6205 0.1156 -0.7756
vn 0.0331 0.1252 -0.9916
vn 0.5274 -0.4569 -0.7163
vn -0.0628 -0.3093 -0.9489
vn -0.6356 0.4075 -0.6557
vn -0.6968 0.1339 -0.7046
vn -0.1919 -0.0282 -0.9810
vn -0.7797 0.2676 -0.5660
vn 0.7075 -0.2227 -0.6707
vn 0.8942 -0.0676 -0.4425
vn 0.4880 0.2920 0.8225
vn -0.1244 0.5926 0.7958
vn 0.5654 0.3749 0.7347
vn 0.8906 -0.3795 0.2505
vn 0.5391 -0.0496 0.8408
vn 0.5541 -0.5054 0.6615
vn 0.5161 0.0159 0.8564
vn 0.3202 0.9258 -0.2009
vn -0.2217 0.9018 -0.3709
vn 0.0052 0.9306 0.3659
vn 0.5907 0.7631 0.2623
vn 0.5293 0.5076 -0.6798
vn -0.7646 -0.6223 0.1676
vn -0.0010 -0.9919 0.1270
vn 0.2844 -0.9586 -0.0111
vn -0.4742 0.8787 0.0557
vn -0.7565 0.6403 -0.1330
vn -0.1848 -0.7250 0.6635
vn -0.7364 0.6180 0.2753
vn -0.6684 0.3271 0.6680
vn 0.3141 -0.9424 0.1146
vn -0.0157 -0.9804 -0.1962
vn -0.3641 -0.9236 -0.1197
vn 0.6066 -0.5658 -0.5586
vn 0.8539 -0.3818 0.3536
vn -0.1124 -0.9305 -0.3486
vn 0.3300 0.2489 0.9106
vn 0.3633 -0.3382 0.8681
vn 0.0031 0.9999 -0.0098
vn 0.0006 0.4548 0.8906
vn -0.4370 0.7838 0.4413
vn 0.4345 0.7830 0.4451
vn -0.3698 0.9270 0.0628
vn 0.0025 0.8552 0.5183
vn 0.3722 0.9254 0.0711
vn 0.5701 -0.6394 -0.5159
vn 0.9663 -0.2485 -0.0670
vn 0.1392 -0.9893 -0.0438
vn -0.5531 -0.5072 0.6609
vn -0.8926 -0.3781 0.2455
vn -0.5532 -0.8228 0.1303
vn -0.0022 -0.6847 0.7289
vn -0.5126 0.0299 0.8581
vn -0.3293 -0.8629 0.3834
vn 0.5395 0.3733 0.7547
vn 0.6049 0.6157 0.5049
vn 0.4362 0.3560 0.8264
vn -0.0185 0.4001 0.9163
vn 0.1584 -0.5631 0.8111
vn 0.8026 0.5810 0.1353
vn 0.2260 -0.9490 0.2200
vn 0.8316 0.5463 -0.1001
vn 0.1663 -0.9841 -0.0622
vn 0.6890 -0.0114 -0.7247
vn 0.3371 0.8426 -0.4200
vn 0.3918 0.9198 -0.0220
vn 0.6449 0.6158 0.4527
vn 0.1966 -0.9691 0.1488
vn -0.2265 -0.5103 -0.8296
vn -0.5348 0.1639 -0.8289
vn 0.7996 0.5621 0.2116
vn 0.6183 -0.5130 0.5954
vn -0.6887 -0.6694 0.2787
vn 0.9623 0.0645 0.2641
vn -0.2876 0.4326 -0.8545
vn -0.2876 0.1866 -0.9394
vn -0.8238 0.3110 -0.4740
vn 0.9385 -0.3310 0.0983
vn 0.9306 -0.3608 0.0614
vn -0.7409 0.4972 -0.4515
vn 0.5686 -0.8225 -0.0162
vn -0.7258 0.3664 -0.5822
vn -0.7546 0.5810 0.3050
vn -0.9759 0.1096 -0.1888
vn -0.9781 0.1720 -0.1173
vn 0.8689 0.3683 0.3308
vn 0.6552 0.3839 0.6507
vn -0.8096 0.5333 -0.2450
vn -0.3524 0.8064 0.4749
vn -0.4594 0.8711 0.1738
vn 0.1863 0.9820 0.0302
vn -0.9315 -0.3579 0.0642
vn 0.2922 0.4331 -0.8527
vn 0.2845 0.1884 -0.9400
vn -0.7524 -0.6520 0.0940
vn -0.8368 -0.4181 0.3534
vn -0.8468 -0.3279 0.4189
vn -0.9399 -0.3276 0.0963
vn 0.2970 -0.2170 -0.9299
vn -0.4569 -0.2843 0.8429
vn -0.3179 0.2686 0.9093
vn -0.3187 -0.9409 0.1144
vn 0.1006 -0.9904 -0.0943
vn 0.4105 0.5767 0.7063
vn -0.3519 0.6676 -0.6561
vn -0.8353 0.2578 -0.4856
vn -0.8287 0.5553 -0.0703
vn -0.3246 0.9454 -0.0284
vn -0.0014 0.0868 -0.9962
vn -0.4208 -0.0967 -0.9020
vn 0.0037 0.7124 -0.7018
vn 0.0113 0.9900 -0.1403
vn -0.8104 -0.3659 0.4576
vn 0.0047 0.2352 0.9719
vn -0.9526 0.2500 0.1735
vn -0.8150 -0.3188 -0.4839
vn -0.5915 -0.8062 -0.0138
vn 0.0034 -0.7064 0.7078
vn 0.2906 -0.4130 0.8631
vn -0.0352 -0.9660 0.2561
vn 0.1823 -0.9677 -0.1740
vn 0.3118 -0.9410 0.1318
vn 0.2337 -0.9716 -0.0370
vn -0.3012 -0.9535 0.0083
vn -0.3637 -0.9277 -0.0846
vn -0.0810 -0.7355 0.6726
vn -0.3034 0.4593 0.8349
vn -0.2383 0.8385 0.4900
vn 0.2141 -0.9526 0.2161
vn -0.0203 -0.9998 0.0003
vn -0.6982 0.0306 0.7152
vn -0.9153 -0.0679 -0.3969
vn -0.0017 -0.9076 -0.4199
vn -0.0034 -0.9863 -0.1651
vn -0.3977 -0.8927 -0.2121
vn -0.4813 -0.6616 -0.5750
vn -0.0027 -0.5679 -0.8231
vn 0.3995 -0.8924 -0.2100
vn 0.4801 -0.6652 -0.5719
vn 0.0832 -0.5229 0.8483
vn -0.3240 -0.7815 0.5331
vn 0.2150 0.6420 0.7359
vn -0.1848 -0.5813 0.7924
vn 0.1742 -0.5032 0.8464
vn 0.4009 -0.9005 0.1685
vn 0.3865 -0.6451 -0.6591
vn 0.8779 -0.4788 0.0064
vn -0.1406 -0.9886 -0.0536
vn -0.2888 0.9571 -0.0221
vn 0.1072 0.9936 -0.0357
vn -0.4032 0.7032 -0.5856
vn 0.0301 0.8412 0.5399
vn -0.7508 0.3035 0.5867
vn 0.9327 0.1063 -0.3446
vn -0.5688 0.0796 0.8186
vn -0.2492 -0.5330 0.8086
vn -0.4727 -0.2735 0.8377
vn -0.8895 0.3039 0.3413
vn -0.9442 0.0241 0.3285
vn -0.0069 0.1133 0.9935
vn -0.4188 0.4885 0.7655
vn -0.2408 0.0888 -0.9665
vn -0.7029 0.4066 -0.5836
vn -0.2714 -0.2331 0.9338
vn 0.1896 0.3171 0.9292
vn -0.1892 0.7001 0.6885
vn 0.1828 -0.5756 0.7970
vn -0.4226 -0.8886 0.1784
vn 0.6687 -0.7300 0.1409
vn 0.7782 0.2965 0.5536
vn -0.3333 -0.2895 0.8972
vn -0.3962 -0.7741 -0.4938
vn 0.8865 0.4549 0.0849
vn 0.5341 0.1582 -0.8305
vn -0.7952 0.5657 0.2183
vn -0.3616 0.6243 0.6925
vn 0.7398 0.6547 -0.1554
vn 0.8065 -0.5717 0.1507
vn -0.4186 -0.7937 0.4413
vn -0.8365 -0.1198 0.5348
vn -0.8849 -0.4657 0.0067
vn -0.4071 -0.5910 0.6965
vn 0.0848 0.0179 0.9962
vn -0.9732 -0.2125 0.0881
vn -0.9952 -0.0974 0.0135
vn -0.6662 -0.1622 0.7279
vn -0.7778 0.4148 -0.4722
vn -0.6822 -0.4137 0.6028
vn -0.4342 0.5999 0.6720
vn 0.1700 0.9854 -0.0116
vn 0.0047 0.9999 0.0105
vn -0.9526 0.3000 0.0514
vn -0.8434 0.5346 0.0546
vn -0.4344 0.2212 0.8732
vn -0.3778 0.3926 0.8385
vn -0.2744 0.9573 0.0912
vn -0.7196 0.5992 0.3510
vn -0.4830 0.7782 0.4014
vn 0.4535 0.6548 -0.6046
vn 0.4396 0.8937 0.0894
vn -0.8798 0.4640 0.1037
vn -0.4732 0.1995 -0.8581
vn 0.0039 0.2290 -0.9734
vn 0.0032 -0.7625 -0.6470
vn 0.0045 0.9320 -0.3625
vn -0.7030 0.5555 -0.4441
vn 0.8126 -0.3507 0.4655
vn 0.9500 0.2553 0.1798
vn -0.5790 0.7732 0.2585
vn -0.2826 -0.9592 -0.0118
vn -0.2722 -0.9596 0.0716
vn 0.4810 0.8747 0.0600
vn -0.2295 0.3084 -0.9232
vn 0.5678 0.6459 -0.5104
vn 0.1434 0.4841 -0.8632
vn -0.5646 0.2850 -0.7746
vn 0.2117 -0.0267 -0.9770
vn -0.2716 0.0850 -0.9586
vn -0.9370 0.3438 0.0610
vn -0.9913 -0.0847 -0.1009
vn -0.1899 0.3154 0.9298
vn 0.2572 -0.2351 0.9373
vn -0.2120 0.9720 0.1016
vn 0.2539 0.3959 0.8825
vn 0.1783 0.6928 0.6987
vn -0.1223 -0.1792 -0.9762
vn 0.0162 -0.5778 -0.8160
vn 0.0000 -0.9869 0.1613
vn -0.6337 -0.7343 -0.2434
vn 0.5643 0.0785 0.8218
vn 0.4680 -0.2714 0.8410
vn 0.2551 -0.5401 0.8020
vn 0.9427 0.0255 0.3326
vn 0.9059 0.3578 0.2267
vn 0.4183 0.4903 0.7646
vn 0.9505 0.3065 0.0516
vn 0.7132 -0.1784 0.6779
vn -0.0010 -0.1524 0.9883
vn 0.6029 0.6521 0.4597
vn 0.0126 0.7510 0.6602
vn -0.0007 -0.5774 0.8164
vn -0.5947 0.6506 0.4722
vn 0.9526 0.2884 0.0972
vn 0.9667 0.1057 0.2330
vn 0.9753 0.2120 0.0621
vn 0.9009 0.4311 0.0499
vn 0.9191 -0.0510 -0.3907
vn 0.4245 -0.9031 -0.0648
vn 0.9808 -0.1363 -0.1395
vn 0.8222 0.3094 -0.4777
vn 0.1202 -0.0595 0.9910
vn 0.5809 0.0943 0.8085
vn -0.0086 -0.5218 0.8530
vn -0.9528 -0.3036 -0.0021
vn -0.4155 0.9062 -0.0783
vn -0.8755 0.4746 -0.0906
vn -0.1083 0.9936 -0.0305
vn -0.2825 0.8025 -0.5256
vn -0.6679 0.6130 -0.4219
vn -0.3387 0.6449 0.6851
vn 0.2708 -0.9599 0.0722
vn -0.0030 -0.9985 0.0539
vn -0.5669 -0.8236 -0.0152
vn 0.3245 0.7720 0.5465
vn 0.9278 0.3696 0.0507
vn 0.8206 0.5485 -0.1603
vn -0.7407 0.4223 0.5225
vn -0.0171 0.8189 0.5737
vn -0.2983 -0.2170 -0.9295
vn 0.0338 -0.9660 0.2562
vn 0.2969 -0.9528 -0.0638
vn 0.5337 -0.8452 0.0273
vn -0.0841 -0.9789 0.1863
vn -0.2269 -0.9543 -0.1944
vn -0.2731 -0.9609 -0.0446
vn -0.8602 -0.3747 0.3460
vn 0.3002 0.4977 0.8138
vn -0.0103 -0.7561 -0.6544
vn -0.0020 -0.0587 -0.9983
vn -0.9536 -0.2981 -0.0424
vn -0.5689 -0.6351 -0.5225
vn 0.5556 -0.8211 0.1308
vn 0.1533 -0.9866 -0.0559
vn 0.3195 -0.8668 0.3829
vn -0.2155 -0.9749 -0.0556
vn 0.0220 -0.9996 0.0168
vn 0.0036 0.6813 0.7320
vn -0.4184 0.4915 0.7638
vn 0.4126 0.4907 0.7674
vn -0.9501 0.3085 0.0465
vn -0.7529 0.1992 0.6272
vn -0.9538 0.2870 0.0891
vn -0.7940 0.5915 0.1401
vn 0.1225 0.4201 -0.8992
vn 0.4108 0.6972 -0.5875
vn -0.6616 0.7445 -0.0890
vn -0.9515 0.3030 -0.0537
vn -0.5844 0.4270 0.6900
vn -0.2761 0.5360 -0.7978
vn 0.2141 0.9721 0.0955
vn 0.1697 0.3206 -0.9319
vn -0.3895 0.9187 -0.0656
vn -0.2758 -0.5587 -0.7822
vn 0.5299 -0.0055 0.8481
vn -0.5736 0.4759 -0.6667
vn 0.7419 0.6156 0.2656
vn 0.6674 0.3218 0.6716
vn 0.0034 0.9902 -0.1398
vn -0.0130 -0.3290 0.9442
vn -0.0101 -0.1341 0.9909
vn 0.9158 0.2661 -0.3008
vn -0.2217 -0.8518 -0.4746
vn -0.0496 -0.3382 -0.9398
vn 0.5440 0.7344 0.4059
vn -0.0579 0.0882 0.9944
vn -0.0532 0.7571 0.6512
vn 0.6221 0.6618 0.4184
vn 0.2123 0.4170 0.8838
vn 0.5690 0.7194 0.3984
vn 0.2077 0.4048 0.8905
vn 0.4194 -0.0243 0.9075
vn 0.9376 0.2222 0.2674
vn 0.6526 -0.4946 0.5740
vn 0.3765 0.6299 0.6794
vn -0.8812 0.4432 -0.1644
vn -0.8552 0.4194 0.3044
vn -0.8986 0.3843 -0.2116
vn -0.9707 -0.2299 -0.0704
vn -0.7093 -0.1745 0.6830
vn -0.0037 -0.9971 0.0755
vn 0.1138 -0.9703 0.2134
vn -0.0065 0.9479 0.3186
vn -0.8650 0.3023 -0.4005
vn 0.6689 -0.1600 0.7259
vn 0.8376 -0.1177 0.5334
vn 0.9731 -0.2088 0.0972
vn 0.9540 -0.2999 -0.0009
vn -0.0743 0.0170 0.9971
vn -0.1228 0.4179 -0.9001
vn -0.6087 -0.5669 -0.5551
vn -0.9601 0.1583 0.2304
vn -0.9180 -0.0556 -0.3926
vn -0.4377 -0.8962 -0.0730
vn -0.9804 -0.1423 -0.1363
vn 0.4773 0.2037 -0.8548
vn 0.7095 0.5516 -0.4385
vn 0.9715 0.2240 0.0776
vn 0.2069 0.9639 0.1678
vn 0.3368 0.3287 0.8824
vn 0.9771 0.1749 -0.1216
vn -0.1625 -0.9852 -0.0552
vn 0.6889 0.4057 -0.6006
vn 0.3375 -0.2676 -0.9025
vn -0.0344 0.3699 -0.9284
vn 0.1999 0.2954 -0.9342
vn -0.1737 -0.5272 0.8318
vn -0.1943 -0.9807 -0.0199
vn 0.3176 -0.5374 0.7813
vn 0.0806 -0.9926 -0.0903
vn -0.2450 0.4095 0.8788
vn 0.7625 -0.6406 0.0909
vn -0.1192 -0.9694 0.2146
vn -0.7358 0.2647 0.6233
vn 0.0152 0.9280 0.3723
vn 0.9703 0.1119 -0.2146
vn 0.0017 -0.0682 0.9977
vn 0.0924 -0.0025 0.9957
vn 0.9946 -0.1002 0.0276
vn 0.4144 -0.5877 0.6949
vn -0.0084 -0.7435 -0.6686
vn 0.1170 -0.9303 -0.3477
vn 0.3543 -0.4595 0.8144
vn 0.9010 0.0152 0.4337
vn 0.7967 -0.5560 0.2370
vn 0.6355 0.4426 0.6327
vn 0.3079 0.7560 0.5777
vn -0.1979 0.4112 0.8898
vn -0.5659 -0.1870 0.8030
vn -0.2700 -0.2661 0.9254
vn -0.3508 -0.8919 0.2854
vn 0.9917 0.0469 -0.1197
vn 0.4849 -0.0683 -0.8719
vn 0.7229 0.1152 -0.6813
vn 0.9255 0.2821 0.2528
vn 0.9813 0.0542 -0.1849
vn 0.6414 0.4828 0.5962
vn 0.7560 0.1990 0.6236
vn 0.9763 0.2133 -0.0356
vn -0.8888 -0.0854 -0.4503
vn -0.1603 -0.9738 -0.1614
vn -0.1449 -0.9886 0.0420
vn -0.0577 -0.7656 -0.6408
vn 0.0077 0.7800 0.6257
vn 0.6162 0.0216 0.7873
vn 0.1154 -0.9375 0.3284
vn 0.9759 0.1039 -0.1917
vn -0.9927 0.1104 0.0493
vn -0.1790 -0.9815 -0.0675
vn 0.1300 -0.9900 -0.0545
vn 0.1216 -0.5154 -0.8483
vn -0.1410 -0.4983 -0.8554
vn -0.7252 0.2207 0.6522
vn 0.5173 0.2974 0.8025
vn 0.8739 0.2885 0.3914
vn -0.9256 0.2350 -0.2966
vn -0.7452 0.2459 0.6199
vn -0.4858 0.3675 -0.7931
vn 0.9522 -0.3030 -0.0395
vn 0.9885 0.1443 0.0443
vn -0.0242 0.8391 0.5434
vn 0.6550 -0.4274 -0.6231
vn -0.0307 -0.9995 -0.0057
vn 0.8387 -0.4140 0.3539
vn -0.4144 -0.0244 0.9098
vn -0.6459 -0.5023 0.5750
vn 0.8444 -0.3280 0.4235
vn -0.6707 -0.4833 0.5627
vn -0.9070 -0.0062 0.4211
vn 0.3210 -0.3072 0.8959
vn -0.3994 0.4386 0.8051
vn -0.9286 0.2739 0.2502
vn -0.5974 0.6732 0.4358
vn 0.3416 0.6506 -0.6782
vn 0.3983 0.9161 -0.0466
vn 0.8515 0.4010 -0.3377
vn 0.4152 -0.0970 -0.9045
vn 0.9925 -0.0749 -0.0967
vn 0.3062 0.9518 -0.0164
vn 0.7416 0.3097 0.5950
vn 0.8304 0.2156 -0.5138
vn -0.4991 0.7235 0.4770
vn -0.0791 0.5892 -0.8041
vn -0.8147 0.4682 -0.3423
vn 0.2801 0.1969 -0.9396
vn -0.9397 0.2230 0.2592
vn -0.0021 -0.7866 -0.6175
vn 0.0007 -0.9992 0.0411
vn 0.0025 -0.1047 0.9945
vn -0.0616 -0.0009 0.9981
vn 0.0521 0.0727 0.9960
vn -0.8412 -0.5331 -0.0902
vn -0.2588 0.9598 0.1087
vn 0.1492 0.4392 -0.8859
vn 0.3537 0.9331 -0.0657
vn -0.0290 -0.8115 -0.5836
vn -0.2356 -0.6771 0.6971
vn 0.1678 0.7911 0.5883
vn 0.1001 -0.7990 0.5929
vn -0.2617 0.3083 -0.9146
vn 0.4550 0.6041 -0.6542
vn 0.7539 0.4419 0.4862
vn 0.8887 -0.0811 -0.4512
vn 0.1015 -0.5707 0.8149
vn 0.2696 -0.8381 -0.4742
vn -0.1075 -0.5617 0.8203
vn 0.1094 0.0408 -0.9932
vn 0.2231 0.9673 0.1204
vn 0.5908 -0.8067 -0.0145
vn -0.1917 -0.9804 -0.0449
vn -0.5809 0.5803 0.5708
vn -0.9934 0.0644 -0.0946
vn -0.9805 0.0290 -0.1944
vn 0.8163 0.4731 -0.3314
vn 0.2992 0.0850 -0.9504
vn 0.0299 0.5223 -0.8522
vn -0.0036 -0.1554 -0.9879
vn 0.8129 -0.3110 -0.4924
vn -0.6305 0.0074 0.7761
vn -0.5083 -0.8389 0.1946
vn -0.9778 0.0758 -0.1952
vn 0.0128 -0.9999 -0.0075
vn 0.0057 0.8752 0.4837
vn -0.1602 0.9870 -0.0153
vn 0.8151 -0.0101 -0.5793
vn 0.3812 -0.9158 -0.1262
vn -0.8843 0.2791 -0.3744
vn 0.1683 -0.5955 -0.7855
vn 0.8490 -0.5220 -0.0814
vn -0.0020 0.9999 0.0108
vn -0.5842 0.8116 0.0026
vn 0.2127 -0.9740 -0.0775
vn 0.6867 0.4932 -0.5340
vn 0.9965 0.0082 -0.0831
vn -0.9999 -0.0141 0.0001
vn -0.9964 0.0094 -0.0840
vn 1.0000 -0.0094 -0.0019
vn 0.0537 0.9944 0.0912
vn 0.0602 0.9325 0.3561
vn -0.3379 0.2881 -0.8960
vn 0.0174 0.9998 0.0069
vn 0.3333 0.2895 -0.8972
vn 0.6853 -0.0726 -0.7247
vn -0.0569 0.9942 0.0914
vn -0.6901 -0.0711 -0.7202
vt 0.031917 0.181162
vt 0.061360 0.221687
vt 0.011376 0.215518
vt 0.642442 0.041287
vt 0.685126 0.010275
vt 0.684492 0.052797
vt 0.492286 0.087782
vt 0.441200 0.058287
vt 0.493359 0.028652
vt 0.813529 0.015728
vt 0.857170 0.001548
vt 0.859920 0.045756
vt 0.137010 0.050593
vt 0.202015 0.050593
vt 0.168547 0.107473
vt 0.860795 0.021607
vt 0.914383 0.021607
vt 0.886490 0.083683
vt 0.507868 0.237882
vt 0.572368 0.226770
vt 0.570146 0.237338
vt 0.862787 0.869117
vt 0.867653 0.851772
vt 0.931472 0.871303
vt 0.564440 0.213715
vt 0.831133 0.398899
vt 0.835209 0.467557
vt 0.809474 0.411405
vt 0.977444 0.310980
vt 0.968672 0.382426
vt 0.955323 0.305008
vt 0.817394 0.907208
vt 0.784158 0.887461
vt 0.789189 0.865670
vt 0.874805 0.398460
vt 0.868564 0.451523
vt 0.194698 0.321357
vt 0.204219 0.338486
vt 0.165178 0.334356
vt 0.393587 0.380830
vt 0.419477 0.371407
vt 0.391668 0.423906
vt 0.226603 0.304854
vt 0.189729 0.313326
vt 0.155630 0.408048
vt 0.107849 0.425749
vt 0.120473 0.398628
vt 0.429835 0.027173
vt 0.121615 0.460673
vt 0.110490 0.369450
vt 0.150915 0.349601
vt 0.158911 0.830816
vt 0.196797 0.882050
vt 0.149370 0.859320
vt 0.416916 0.004613
vt 0.416916 0.031501
vt 0.370470 0.009983
vt 0.899872 0.890628
vt 0.920457 0.872733
vt 0.920079 0.926164
vt 0.209764 0.846360
vt 0.996822 0.297092
vt 0.945320 0.302102
vt 0.979686 0.272518
vt 0.185681 0.388754
vt 0.179569 0.363158
vt 0.193919 0.384938
vt 0.128846 0.775894
vt 0.138749 0.750284
vt 0.159081 0.781036
vt 0.138890 0.812964
vt 0.711108 0.913564
vt 0.721751 0.934171
vt 0.709897 0.935483
vt 0.119206 0.793239
vt 0.179615 0.414411
vt 0.668895 0.242391
vt 0.651003 0.289962
vt 0.650937 0.240820
vt 0.435955 0.693862
vt 0.505586 0.719205
vt 0.422897 0.718700
vt 0.688911 0.242516
vt 0.686195 0.287743
vt 0.667334 0.288152
vt 0.440468 0.668995
vt 0.469259 0.104141
vt 0.457039 0.133520
vt 0.449743 0.088896
vt 0.284600 0.993336
vt 0.256028 0.984052
vt 0.292802 0.969086
vt 0.485128 0.087857
vt 0.258831 0.993100
vt 0.040219 0.891985
vt 0.061367 0.865917
vt 0.094919 0.891657
vt 0.901177 0.329186
vt 0.905347 0.401623
vt 0.867742 0.363809
vt 0.703785 0.671007
vt 0.711558 0.679639
vt 0.683867 0.680276
vt 0.686404 0.669157
vt 0.715402 0.675010
vt 0.696729 0.650553
vt 0.936433 0.187220
vt 0.961623 0.172677
vt 0.958472 0.230369
vt 0.909518 0.196257
vt 0.915164 0.170213
vt 0.913133 0.228118
vt 0.279708 0.590100
vt 0.305513 0.653681
vt 0.268442 0.653993
vt 0.239757 0.610121
vt 0.813082 0.914830
vt 0.838314 0.985664
vt 0.827473 0.991923
vt 0.834372 0.903296
vt 0.811537 0.988915
vt 0.794834 0.916074
vt 0.246949 0.200465
vt 0.241068 0.217993
vt 0.198439 0.208932
vt 0.831986 0.889349
vt 0.580435 0.895079
vt 0.598798 0.876340
vt 0.637584 0.894426
vt 0.535210 0.894473
vt 0.570223 0.849416
vt 0.304130 0.376432
vt 0.308556 0.401533
vt 0.269155 0.391754
vt 0.404570 0.531881
vt 0.379012 0.505115
vt 0.405113 0.483978
vt 0.365952 0.385313
vt 0.396274 0.161948
vt 0.380652 0.162050
vt 0.387982 0.140760
vt 0.406716 0.139955
vt 0.405083 0.180564
vt 0.229724 0.544635
vt 0.298408 0.557986
vt 0.208333 0.581424
vt 0.207557 0.580713
vt 0.882189 0.555470
vt 0.884626 0.606725
vt 0.873094 0.565695
vt 0.942776 0.568816
vt 0.944861 0.546963
vt 0.999927 0.573725
vt 0.902445 0.585096
vt 0.215430 0.550135
vt 0.196285 0.488360
vt 0.808355 0.060842
vt 0.761868 0.051174
vt 0.791783 0.036287
vt 0.585362 0.579508
vt 0.599388 0.641640
vt 0.565147 0.596471
vt 0.636743 0.624934
vt 0.610970 0.567378
vt 0.800004 0.087823
vt 0.761594 0.073413
vt 0.832506 0.068750
vt 0.350983 0.696660
vt 0.357996 0.663158
vt 0.385868 0.663158
vt 0.701828 0.915687
vt 0.731800 0.874373
vt 0.736435 0.904442
vt 0.387232 0.702989
vt 0.350542 0.704291
vt 0.690119 0.878540
vt 0.694068 0.918099
vt 0.778297 0.820534
vt 0.736942 0.831253
vt 0.741511 0.783026
vt 0.818176 0.811515
vt 0.273941 0.932278
vt 0.257744 0.952898
vt 0.249558 0.930057
vt 0.283532 0.946550
vt 0.450103 0.372722
vt 0.484664 0.457385
vt 0.441452 0.445486
vt 0.482290 0.401468
vt 0.271778 0.903531
vt 0.541331 0.822526
vt 0.551955 0.818432
vt 0.558484 0.838523
vt 0.563079 0.855901
vt 0.539837 0.854862
vt 0.548557 0.798228
vt 0.522029 0.814408
vt 0.358338 0.927311
vt 0.336163 0.930731
vt 0.340018 0.875525
vt 0.382012 0.863709
vt 0.402780 0.930128
vt 0.359716 0.963981
vt 0.342508 0.965897
vt 0.049962 0.742906
vt 0.016336 0.707706
vt 0.023593 0.705248
vt 0.631029 0.988440
vt 0.603390 0.984192
vt 0.606738 0.960373
vt 0.625006 0.994866
vt 0.053229 0.732958
vt 0.617456 0.478960
vt 0.657508 0.499739
vt 0.642847 0.517211
vt 0.835987 0.145943
vt 0.823883 0.137448
vt 0.848914 0.100339
vt 0.608338 0.496129
vt 0.803015 0.174331
vt 0.665662 0.484102
vt 0.544333 0.964129
vt 0.482994 0.988274
vt 0.496345 0.959931
vt 0.906923 0.044536
vt 0.913424 0.026675
vt 0.966424 0.042405
vt 0.522325 0.832006
vt 0.455257 0.857871
vt 0.485549 0.813036
vt 0.134262 0.222590
vt 0.101929 0.175975
vt 0.128308 0.148660
vt 0.756040 0.671322
vt 0.714292 0.585956
vt 0.779096 0.595909
vt 0.158651 0.187265
vt 0.574193 0.672957
vt 0.566499 0.706285
vt 0.541703 0.641739
vt 0.569467 0.603926
vt 0.069467 0.724496
vt 0.069467 0.783642
vt 0.031245 0.764823
vt 0.208854 0.205276
vt 0.931490 0.231977
vt 0.978938 0.248390
vt 0.929933 0.248348
vt 0.718310 0.374995
vt 0.710816 0.410767
vt 0.655238 0.411025
vt 0.845927 0.087715
vt 0.942984 0.094480
vt 0.870777 0.124558
vt 0.150520 0.346602
vt 0.134161 0.356307
vt 0.126488 0.325120
vt 0.859483 0.133570
vt 0.920152 0.104906
vt 0.999990 0.104906
vt 0.995317 0.189600
vt 0.733822 0.396255
vt 0.011114 0.362828
vt 0.010846 0.318918
vt 0.039355 0.316423
vt 0.244373 0.032658
vt 0.283063 0.037258
vt 0.253970 0.046787
vt 0.029610 0.369741
vt 0.218433 0.085856
vt 0.697052 0.344912
vt 0.690087 0.361469
vt 0.662601 0.360509
vt 0.650631 0.344161
vt 0.901461 0.897791
vt 0.933693 0.951369
vt 0.901461 0.959028
vt 0.880331 0.904770
vt 0.700727 0.320009
vt 0.745975 0.332508
vt 0.650657 0.317995
vt 0.042779 0.933413
vt 0.075626 0.894267
vt 0.066639 0.952122
vt 0.582746 0.360094
vt 0.572615 0.398116
vt 0.514705 0.371112
vt 0.549379 0.330384
vt 0.593468 0.308129
vt 0.029664 0.894688
vt 0.624435 0.839407
vt 0.636135 0.374714
vt 0.593429 0.424867
vt 0.579632 0.405512
vt 0.573342 0.402869
vt 0.495220 0.568654
vt 0.498744 0.558811
vt 0.519643 0.577593
vt 0.522781 0.666297
vt 0.405399 0.521932
vt 0.327640 0.505527
vt 0.330839 0.480198
vt 0.353456 0.520037
vt 0.064314 0.220738
vt 0.036628 0.185322
vt 0.074431 0.192327
vt 0.317436 0.537571
vt 0.286543 0.527332
vt 0.331363 0.545515
vt 0.299184 0.476708
vt 0.043818 0.151213
vt 0.052341 0.163525
vt 0.071360 0.138367
vt 0.879606 0.991588
vt 0.901579 0.961345
vt 0.933720 0.992368
vt 0.066730 0.251065
vt 0.099757 0.226558
vt 0.090948 0.267940
vt 0.085532 0.494333
vt 0.037649 0.478966
vt 0.074881 0.461552
vt 0.069301 0.209425
vt 0.091548 0.521662
vt 0.046411 0.513423
vt 0.743795 0.968696
vt 0.757758 0.907117
vt 0.659295 0.667099
vt 0.721907 0.968738
vt 0.772962 0.989119
vt 0.670711 0.680565
vt 0.636501 0.289670
vt 0.635188 0.241851
vt 0.017877 0.097900
vt 0.045523 0.087838
vt 0.022518 0.107964
vt 0.029050 0.066807
vt 0.226650 0.012185
vt 0.216737 0.022305
vt 0.191338 0.000226
vt 0.194616 0.236788
vt 0.162432 0.222144
vt 0.281030 0.701188
vt 0.131058 0.955270
vt 0.147534 0.914204
vt 0.153885 0.966669
vt 0.304988 0.175554
vt 0.332645 0.195423
vt 0.296216 0.225991
vt 0.860170 0.020775
vt 0.879985 0.004148
vt 0.895171 0.020489
vt 0.361849 0.032258
vt 0.430622 0.032258
vt 0.377549 0.089818
vt 0.202766 0.120312
vt 0.604034 0.237299
vt 0.584905 0.238472
vt 0.613491 0.006186
vt 0.644862 0.006420
vt 0.647444 0.035933
vt 0.115516 0.050497
vt 0.147803 0.073104
vt 0.076510 0.070916
vt 0.074577 0.264634
vt 0.114230 0.277518
vt 0.075485 0.306127
vt 0.613844 0.054343
vt 0.053788 0.291695
vt 0.158282 0.413356
vt 0.172678 0.367768
vt 0.151558 0.345442
vt 0.446366 0.866931
vt 0.433993 0.843593
vt 0.778647 0.573000
vt 0.868301 0.667375
vt 0.872080 0.710564
vt 0.838278 0.682612
vt 0.064842 0.952379
vt 0.035817 0.952083
vt 0.037076 0.937687
vt 0.058438 0.972427
vt 0.032652 0.635124
vt 0.056959 0.633800
vt 0.046689 0.667240
vt 0.958105 0.000004
vt 0.938894 0.026445
vt 0.929484 0.002173
vt 0.431876 0.113924
vt 0.408180 0.095337
vt 0.408056 0.083617
vt 0.434233 0.097113
vt 0.312170 0.376508
vt 0.305605 0.341928
vt 0.334520 0.378420
vt 0.184128 0.892764
vt 0.242443 0.858403
vt 0.203343 0.898663
vt 0.836830 0.864856
vt 0.841748 0.819868
vt 0.862202 0.837647
vt 0.844608 0.884898
vt 0.803047 0.882178
vt 0.820019 0.851788
vt 0.866031 0.788240
vt 0.906821 0.800600
vt 0.884226 0.819628
vt 0.883340 0.776204
vt 0.798588 0.213703
vt 0.815539 0.165416
vt 0.904871 0.194442
vt 0.888159 0.242519
vt 0.481622 0.764424
vt 0.405006 0.734652
vt 0.442839 0.792731
vt 0.839146 0.239400
vt 0.367078 0.299317
vt 0.388684 0.294050
vt 0.393310 0.331367
vt 0.528698 0.661880
vt 0.521864 0.682742
vt 0.366197 0.329962
vt 0.337389 0.313192
vt 0.961539 0.954546
vt 0.982391 0.912168
vt 0.982986 0.954546
vt 0.967641 0.992303
vt 0.942372 0.553081
vt 0.918808 0.567240
vt 0.919122 0.523936
vt 0.941032 0.574857
vt 0.934105 0.957897
vt 0.985213 0.730131
vt 0.935619 0.725792
vt 0.986219 0.722276
vt 0.448196 0.962115
vt 0.442862 0.925990
vt 0.491229 0.920678
vt 0.877882 0.659136
vt 0.911329 0.665219
vt 0.905170 0.681051
vt 0.441151 0.987129
vt 0.872081 0.637672
vt 0.391639 0.105854
vt 0.741878 0.461598
vt 0.699153 0.477888
vt 0.695635 0.437683
vt 0.710128 0.411926
vt 0.119378 0.939332
vt 0.115646 0.900395
vt 0.133973 0.898145
vt 0.098247 0.909032
vt 0.423053 0.150072
vt 0.509168 0.239194
vt 0.617994 0.239194
vt 0.543528 0.274540
vt 0.784542 0.378056
vt 0.772772 0.421983
vt 0.695412 0.353177
vt 0.785151 0.378710
vt 0.818322 0.353239
vt 0.578618 0.465000
vt 0.573253 0.432442
vt 0.585131 0.449294
vt 0.562707 0.552477
vt 0.584912 0.554477
vt 0.540886 0.564055
vt 0.070541 0.579567
vt 0.040707 0.612701
vt 0.019490 0.595674
vt 0.565861 0.524071
vt 0.594092 0.519867
vt 0.523887 0.552561
vt 0.541017 0.536296
vt 0.024335 0.121922
vt 0.051041 0.107541
vt 0.618108 0.290717
vt 0.599187 0.290360
vt 0.617521 0.240836
vt 0.308261 0.100446
vt 0.338600 0.075379
vt 0.348481 0.104075
vt 0.342888 0.047439
vt 0.344114 0.012339
vt 0.359045 0.049715
vt 0.952034 0.690155
vt 0.992836 0.612404
vt 0.993883 0.690155
vt 0.989855 0.059100
vt 0.899494 0.057522
vt 0.995216 0.048421
vt 0.943159 0.691023
vt 0.948817 0.611622
vt 0.956497 0.104173
vt 0.295122 0.100794
vt 0.347808 0.105127
vt 0.321122 0.126794
vt 0.318578 0.153404
vt 0.134870 0.289204
vt 0.107867 0.321384
vt 0.119243 0.254470
vt 0.299494 0.152380
vt 0.146606 0.244810
vt 0.180535 0.285240
vt 0.748681 0.026141
vt 0.702998 0.040984
vt 0.710288 0.002759
vt 0.752317 0.888640
vt 0.698609 0.848408
vt 0.791073 0.604721
vt 0.816857 0.583085
vt 0.823489 0.626091
vt 0.405143 0.463146
vt 0.397592 0.476685
vt 0.399820 0.462516
vt 0.450884 0.476806
vt 0.453537 0.473288
vt 0.443303 0.480577
vt 0.432866 0.459580
vt 0.392595 0.380041
vt 0.389718 0.391512
vt 0.495394 0.223487
vt 0.534730 0.198708
vt 0.534804 0.217948
vt 0.571240 0.057852
vt 0.534595 0.031228
vt 0.587712 0.040231
vt 0.497132 0.196043
vt 0.537567 0.223697
vt 0.450225 0.248515
vt 0.746423 0.406369
vt 0.734640 0.412629
vt 0.774060 0.443339
vt 0.109677 0.322544
vt 0.109868 0.357517
vt 0.070233 0.330592
vt 0.814318 0.623363
vt 0.767066 0.653099
vt 0.779806 0.599198
vt 0.933354 0.784674
vt 0.082567 0.617280
vt 0.095310 0.545012
vt 0.101054 0.622841
vt 0.054111 0.065752
vt 0.067994 0.062059
vt 0.072871 0.080261
vt 0.801085 0.649164
vt 0.052460 0.037751
vt 0.052437 0.101618
vt 0.376291 0.554820
vt 0.337582 0.583955
vt 0.164166 0.622270
vt 0.214443 0.626668
vt 0.171735 0.672419
vt 0.142528 0.674510
vt 0.123629 0.626092
vt 0.426580 0.538509
vt 0.066211 0.160050
vt 0.101216 0.181972
vt 0.219255 0.625068
vt 0.990726 0.487313
vt 0.598255 0.909249
vt 0.688172 0.878343
vt 0.691779 0.917517
vt 0.202088 0.954370
vt 0.157146 0.958095
vt 0.578177 0.930443
vt 0.369810 0.792754
vt 0.350982 0.706468
vt 0.388068 0.704801
vt 0.967177 0.840346
vt 0.979070 0.916083
vt 0.944475 0.913375
vt 0.686985 0.101326
vt 0.710373 0.138755
vt 0.636524 0.116894
vt 0.071069 0.383506
vt 0.116367 0.404629
vt 0.070306 0.427358
vt 0.351103 0.225488
vt 0.381420 0.249665
vt 0.357629 0.263959
vt 0.679444 0.520150
vt 0.534585 0.471299
vt 0.539182 0.506949
vt 0.524593 0.468997
vt 0.394497 0.735617
vt 0.438882 0.803356
vt 0.411779 0.824132
vt 0.847791 0.098086
vt 0.766655 0.098086
vt 0.766696 0.091639
vt 0.705836 0.225469
vt 0.702604 0.234348
vt 0.606982 0.225513
vt 0.613379 0.476189
vt 0.069902 0.990514
vt 0.099986 0.968656
vt 0.095303 0.994721
vt 0.104183 0.438109
vt 0.078410 0.456057
vt 0.059613 0.445205
vt 0.250910 0.083325
vt 0.119430 0.458127
vt 0.043319 0.357006
vt 0.087949 0.344361
vt 0.077374 0.374357
vt 0.437330 0.981008
vt 0.423841 0.977602
vt 0.424861 0.966358
vt 0.419362 0.079855
vt 0.438288 0.958971
vt 0.291368 0.962130
vt 0.213147 0.979114
vt 0.212319 0.937592
vt 0.123346 0.305047
vt 0.253942 0.994849
vt 0.241433 0.678566
vt 0.751316 0.094156
vt 0.735526 0.112321
vt 0.725651 0.066188
vt 0.280328 0.421966
vt 0.768478 0.080474
vt 0.329298 0.429672
vt 0.303260 0.448835
vt 0.313825 0.881089
vt 0.302159 0.948897
vt 0.353827 0.610200
vt 0.382679 0.610512
vt 0.197725 0.507615
vt 0.168304 0.519184
vt 0.150185 0.463422
vt 0.180474 0.451526
vt 0.865828 0.986457
vt 0.853249 0.895700
vt 0.875824 0.908743
vt 0.358442 0.836200
vt 0.317527 0.860878
vt 0.309977 0.830596
vt 0.075459 0.722797
vt 0.075459 0.653477
vt 0.094035 0.726816
vt 0.938904 0.872050
vt 0.892336 0.160504
vt 0.937373 0.270675
vt 0.340732 0.171865
vt 0.379504 0.171865
vt 0.338954 0.178013
vt 0.187363 0.359147
vt 0.337751 0.153525
vt 0.658618 0.662928
vt 0.604717 0.672143
vt 0.572363 0.713750
vt 0.518544 0.687062
vt 0.394481 0.289638
vt 0.400978 0.318987
vt 0.018244 0.759126
vt 0.053842 0.779027
vt 0.043103 0.789824
vt 0.901928 0.015294
vt 0.922695 0.000206
vt 0.939374 0.030822
vt 0.000074 0.785019
vt 0.072677 0.711905
vt 0.056901 0.695038
vt 0.584109 0.981830
vt 0.863600 0.750324
vt 0.857361 0.793569
vt 0.810783 0.775690
vt 0.822485 0.732179
vt 0.095410 0.885504
vt 0.090139 0.848562
vt 0.121361 0.862951
vt 0.121197 0.475397
vt 0.140567 0.534004
vt 0.126411 0.537592
vt 0.334520 0.341747
vt 0.333180 0.290386
vt 0.155430 0.410526
vt 0.799300 0.480477
vt 0.799824 0.848187
vt 0.933240 0.830575
vt 0.861661 0.842093
vt 0.288313 0.835397
vt 0.342150 0.485911
vt 0.365822 0.473069
vt 0.347551 0.465696
vt 0.346625 0.150344
vt 0.305945 0.452860
vt 0.694699 0.865137
vt 0.578782 0.430653
vt 0.535202 0.588747
vt 0.593460 0.448634
vt 0.604788 0.474866
vt 0.807011 0.240691
vt 0.840368 0.269146
vt 0.781853 0.263632
vt 0.931589 0.608279
vt 0.914766 0.594163
vt 0.973331 0.594226
vt 0.842212 0.257014
vt 0.468477 0.910081
vt 0.439787 0.886140
vt 0.479853 0.899633
vt 0.437997 0.917627
vt 0.581106 0.828989
vt 0.570122 0.797095
vt 0.595570 0.802120
vt 0.356244 0.379912
vt 0.387661 0.374223
vt 0.636773 0.829210
vt 0.511351 0.155842
vt 0.531413 0.137778
vt 0.555576 0.199766
vt 0.032829 0.014476
vt 0.049274 0.065087
vt 0.028549 0.065890
vt 0.313500 0.628165
vt 0.349749 0.576396
vt 0.320055 0.660589
vt 0.307543 0.661753
vt 0.508849 0.123322
vt 0.932397 0.777194
vt 0.932628 0.691779
vt 0.950410 0.702295
vt 0.501558 0.185456
vt 0.429821 0.140779
vt 0.492014 0.137466
vt 0.446412 0.192886
vt 0.487692 0.210865
vt 0.796480 0.213021
vt 0.745381 0.183520
vt 0.808012 0.182481
vt 0.531013 0.179674
vt 0.581436 0.509418
vt 0.621185 0.539269
vt 0.241653 0.715597
vt 0.228512 0.510593
vt 0.290643 0.501070
vt 0.279547 0.531445
vt 0.238827 0.479494
vt 0.196010 0.480241
vt 0.381444 0.419152
vt 0.516266 0.436774
vt 0.365088 0.450119
vt 0.757028 0.444944
vt 0.347781 0.723197
vt 0.315062 0.680974
vt 0.073760 0.660553
vt 0.074673 0.695295
vt 0.476886 0.027371
vt 0.429523 0.003933
vt 0.467143 0.000604
vt 0.114487 0.682771
vt 0.132578 0.706753
vt 0.112100 0.719234
vt 0.131103 0.663824
vt 0.092693 0.647040
vt 0.429631 0.025134
vt 0.198187 0.991562
vt 0.148121 0.989086
vt 0.573174 0.225203
vt 0.572780 0.199388
vt 0.606630 0.196883
vt 0.375123 0.144505
vt 0.428271 0.191088
vt 0.072511 0.432577
vt 0.053628 0.448992
vt 0.043343 0.395299
vt 0.671911 0.533625
vt 0.687091 0.532150
vt 0.646180 0.564458
vt 0.040767 0.031848
vt 0.072822 0.000610
vt 0.047070 0.034787
vt 0.259358 0.318015
vt 0.257974 0.285298
vt 0.277108 0.288041
vt 0.277826 0.326436
vt 0.259054 0.345339
vt 0.944357 0.955686
vt 0.224991 0.284855
vt 0.708374 0.701983
vt 0.698948 0.725301
vt 0.678608 0.704650
vt 0.369661 0.295999
vt 0.354303 0.302597
vt 0.331954 0.271427
vt 0.385416 0.286062
vt 0.691339 0.105355
vt 0.727080 0.144900
vt 0.201002 0.881210
vt 0.246962 0.903450
vt 0.245418 0.869342
vt 0.504084 0.499092
vt 0.505308 0.478200
vt 0.518909 0.516859
vt 0.470941 0.535785
vt 0.477882 0.509409
vt 0.636496 0.817570
vt 0.615079 0.809775
vt 0.676998 0.751606
vt 0.248433 0.183205
vt 0.296427 0.164926
vt 0.296392 0.183205
vt 0.297346 0.198024
vt 0.247908 0.199472
vt 0.247409 0.165141
vt 0.657266 0.832084
vt 0.396401 0.980866
vt 0.692124 0.508554
vt 0.727289 0.543738
vt 0.831349 0.386291
vt 0.142680 0.019131
vt 0.108083 0.030372
vt 0.114649 0.006759
vt 0.627710 0.058039
vt 0.636817 0.073137
vt 0.621319 0.071746
vt 0.512898 0.374066
vt 0.580350 0.050464
vt 0.298205 0.230789
vt 0.350570 0.305031
vt 0.812757 0.287005
vt 0.868266 0.323399
vt 0.234607 0.257317
vt 0.232875 0.236943
vt 0.268392 0.239547
vt 0.267184 0.405991
vt 0.221374 0.424422
vt 0.197306 0.407593
vt 0.285782 0.431894
vt 0.600229 0.162686
vt 0.621575 0.173700
vt 0.642492 0.193944
vt 0.653950 0.224802
vt 0.098013 0.534504
vt 0.090968 0.503901
vt 0.100839 0.509877
vt 0.109398 0.513343
vt 0.122547 0.529377
vt 0.754918 0.072450
vt 0.733452 0.056443
vt 0.754099 0.066884
vt 0.093549 0.536108
vt 0.741784 0.070250
vt 0.942336 0.620221
vt 0.844032 0.637653
vt 0.422069 0.339486
vt 0.404885 0.363286
vt 0.424638 0.319245
vt 0.441003 0.365621
vt 0.932111 0.591527
vt 0.894652 0.571193
vt 0.000703 0.832978
vt 0.000703 0.788080
vt 0.015573 0.810459
vt 0.123090 0.461736
vt 0.113553 0.501961
vt 0.092294 0.485736
vt 0.075791 0.460840
vt 0.534056 0.025945
vt 0.533045 0.047766
vt 0.501547 0.042213
vt 0.499006 0.001064
vt 0.918265 0.318518
vt 0.936720 0.301762
vt 0.943066 0.389202
vt 0.925701 0.399662
vt 0.846163 0.522942
vt 0.869366 0.536367
vt 0.898446 0.318139
vt 0.813085 0.529432
vt 0.877620 0.988780
vt 0.870986 0.954922
vt 0.093089 0.193912
vt 0.118417 0.201803
vt 0.117710 0.256643
vt 0.307782 0.901299
vt 0.248450 0.902755
vt 0.876692 0.498794
vt 0.138848 0.690875
vt 0.295522 0.625530
vt 0.305611 0.572304
vt 0.658658 0.568864
vt 0.221525 0.715687
vt 0.190431 0.695003
vt 0.209601 0.668732
vt 0.165289 0.740904
vt 0.818370 0.807862
vt 0.797034 0.797466
vt 0.829949 0.822246
vt 0.381140 0.472476
vt 0.581080 0.581461
vt 0.580543 0.751932
vt 0.555824 0.801180
vt 0.528135 0.111017
vt 0.561073 0.140062
vt 0.471377 0.340276
vt 0.428562 0.292373
vt 0.506687 0.238056
vt 0.546592 0.291784
vt 0.909649 0.403969
vt 0.877069 0.496282
vt 0.878654 0.403969
vt 0.917437 0.496845
vt 0.101933 0.158623
vt 0.119236 0.109591
vt 0.145547 0.140110
vt 0.672074 0.394387
vt 0.424062 0.286030
vt 0.435454 0.796135
vt 0.529989 0.789649
vt 0.510676 0.704737
vt 0.591526 0.738726
vt 0.472886 0.384875
vt 0.487314 0.791801
vt 0.296104 0.214036
vt 0.249854 0.216913
vt 0.030856 0.803465
vt 0.024146 0.817171
vt 0.294874 0.233291
vt 0.220796 0.086586
vt 0.281373 0.084589
vt 0.239021 0.112615
vt 0.391726 0.887958
vt 0.434450 0.877686
vt 0.431762 0.899742
vt 0.030063 0.808788
vt 0.067502 0.799921
vt 0.077771 0.841106
vt 0.401039 0.919561
vt 0.146382 0.863557
vt 0.975081 0.444589
vt 0.976438 0.474128
vt 0.947085 0.466262
vt 0.945524 0.429920
vt 0.331023 0.185574
vt 0.977988 0.390642
vt 0.871590 0.801267
vt 0.074161 0.525549
vt 0.093396 0.537158
vt 0.081641 0.570357
vt 0.031223 0.518341
vt 0.639370 0.114705
vt 0.680028 0.058744
vt 0.696845 0.096564
vt 0.620573 0.138807
vt 0.630959 0.116534
vt 0.704453 0.138730
vt 0.630903 0.738423
vt 0.216878 0.624780
vt 0.777071 0.994680
vt 0.774735 0.946183
vt 0.074907 0.079651
vt 0.077268 0.050860
vt 0.259217 0.754926
vt 0.266736 0.816407
vt 0.246339 0.825370
vt 0.014057 0.364865
vt 0.014057 0.417515
vt 0.010866 0.364785
vt 0.610264 0.139497
vt 0.560191 0.162399
vt 0.707079 0.978100
vt 0.677339 0.969877
vt 0.676498 0.928642
vt 0.323426 0.766929
vt 0.331928 0.735200
vt 0.335470 0.768424
vt 0.297917 0.681744
vt 0.327338 0.788026
vt 0.076814 0.073886
vt 0.149026 0.073886
vt 0.081162 0.150427
vt 0.292588 0.827920
vt 0.740538 0.476743
vt 0.339330 0.061350
vt 0.322873 0.053426
vt 0.363863 0.050022
vt 0.372256 0.076312
vt 0.328241 0.073675
vt 0.338730 0.068823
vt 0.241489 0.731269
vt 0.291863 0.716294
vt 0.264863 0.743198
vt 0.237365 0.789091
vt 0.215126 0.774331
vt 0.223733 0.729380
vt 0.718862 0.780579
vt 0.770072 0.728896
vt 0.772944 0.759484
vt 0.220966 0.689899
vt 0.750781 0.106611
vt 0.075393 0.652489
vt 0.075393 0.572842
vt 0.084831 0.638643
vt 0.482687 0.475521
vt 0.541485 0.016712
vt 0.600741 0.703460
vt 0.652034 0.700675
vt 0.618101 0.734130
vt 0.595910 0.729290
vt 0.294281 0.120007
vt 0.100800 0.050885
vt 0.121484 0.037858
vt 0.135066 0.048093
vt 0.083783 0.039341
vt 0.161406 0.100278
vt 0.246424 0.859594
vt 0.815359 0.371578
vt 0.816326 0.404518
vt 0.931582 0.475200
vt 0.966839 0.484647
vt 0.917697 0.486651
vt 0.043408 0.118704
vt 0.075070 0.080971
vt 0.075574 0.135688
vt 0.274793 0.238266
vt 0.273539 0.273050
vt 0.238132 0.258021
vt 0.802522 0.450276
vt 0.780122 0.485026
vt 0.746311 0.451214
vt 0.413844 0.031488
vt 0.361334 0.031488
vt 0.364556 0.010729
vt 0.765955 0.133020
vt 0.745568 0.152027
vt 0.732929 0.126755
vt 0.501365 0.323178
vt 0.536647 0.302186
vt 0.112003 0.030436
vt 0.141336 0.021025
vt 0.137910 0.046625
vt 0.681884 0.053316
vt 0.645343 0.103610
vt 0.631952 0.046950
vt 0.727078 0.034358
vt 0.766820 0.034185
vt 0.734628 0.049928
vt 0.448973 0.198929
vt 0.420856 0.246039
vt 0.381019 0.201465
vt 0.703024 0.043321
vt 0.600705 0.010306
vt 0.211628 0.096934
vt 0.211628 0.032771
vt 0.235473 0.045897
vt 0.098894 0.812182
vt 0.070309 0.782582
vt 0.133658 0.760330
vt 0.572266 0.959784
vt 0.586034 0.928822
vt 0.638291 0.959147
vt 0.925836 0.244846
vt 0.942441 0.295952
vt 0.878999 0.257766
vt 0.471876 0.254196
vt 0.419328 0.249496
vt 0.505656 0.959784
vt 0.904146 0.222426
vt 0.467170 0.224182
vt 0.912077 0.515460
vt 0.641077 0.980237
vt 0.218026 0.797943
vt 0.167912 0.816941
vt 0.217184 0.829655
vt 0.558089 0.962244
vt 0.604227 0.960463
vt 0.573494 0.985966
vt 0.174164 0.022783
vt 0.208048 0.036055
vt 0.203035 0.048604
vt 0.501137 0.557452
vt 0.344364 0.983348
vt 0.379039 0.989292
vt 0.313537 0.988571
vt 0.180051 0.246907
vt 0.203319 0.246976
vt 0.197841 0.274166
vt 0.813557 0.711585
vt 0.790804 0.706724
vt 0.808302 0.675850
vt 0.302464 0.460895
vt 0.779686 0.009813
vt 0.785645 0.037847
vt 0.767763 0.046646
vt 0.069511 0.582601
vt 0.050726 0.631539
vt 0.032727 0.627201
vt 0.137532 0.537053
vt 0.170712 0.563392
vt 0.120793 0.622884
vt 0.740465 0.681263
vt 0.715909 0.784423
vt 0.201631 0.509365
vt 0.621255 0.139508
vt 0.713435 0.139508
vt 0.668478 0.151947
vt 0.361373 0.567368
vt 0.168261 0.035841
vt 0.915211 0.446958
vt 0.917125 0.477619
vt 0.870168 0.615913
vt 0.848260 0.590485
vt 0.150788 0.691592
vt 0.233283 0.452252
vt 0.005733 0.919414
vt 0.023769 0.913553
vt 0.016161 0.935685
vt 0.948878 0.139418
vt 0.957358 0.152556
vt 0.018993 0.950129
vt 0.904179 0.546971
vt 0.932222 0.146172
vt 0.865868 0.525348
vt 0.635075 0.367208
vt 0.670389 0.480630
vt 0.667706 0.456782
vt 0.125618 0.948270
vt 0.066651 0.991112
vt 0.076704 0.893425
vt 0.829804 0.095555
vt 0.763699 0.089771
vt 0.845151 0.087558
vt 0.623950 0.765785
vt 0.586129 0.758668
vt 0.774635 0.423019
vt 0.748643 0.495990
vt 0.758493 0.517886
vt 0.503203 0.880014
vt 0.512712 0.919938
vt 0.461724 0.868607
vt 0.249952 0.236275
vt 0.722375 0.212109
vt 0.717929 0.156065
vt 0.886800 0.178736
vt 0.752580 0.000220
vt 0.763344 0.033350
vt 0.734113 0.015654
vt 0.174491 0.117634
vt 0.195788 0.119205
vt 0.194645 0.141018
vt 0.080548 0.844295
vt 0.066791 0.792151
vt 0.107825 0.819734
vt 0.962103 0.229830
vt 0.993154 0.203776
vt 0.990613 0.258381
vt 0.017202 0.809909
vt 0.017202 0.853875
vt 0.000092 0.848454
vt 0.706384 0.979113
vt 0.686181 0.993792
vt 0.674592 0.971620
vt 0.428605 0.184075
vt 0.616682 0.405433
vt 0.645402 0.422418
vt 0.616209 0.440465
vt 0.436468 0.497009
vt 0.460477 0.471740
vt 0.714938 0.552266
vt 0.766203 0.530102
vt 0.411010 0.881372
vt 0.858772 0.726830
vt 0.822986 0.708338
vt 0.752880 0.769158
vt 0.563849 0.074504
vt 0.637680 0.114327
vt 0.560693 0.110574
vt 0.790816 0.213207
vt 0.710824 0.286723
vt 0.705743 0.213207
vt 0.635904 0.073767
vt 0.304753 0.064008
vt 0.809517 0.233632
vt 0.748805 0.292388
vt 0.031841 0.578810
vt 0.865180 0.167977
vt 0.512084 0.669925
vt 0.167134 0.225459
vt 0.110563 0.224394
vt 0.222277 0.817222
vt 0.099052 0.317993
vt 0.617707 0.319342
vt 0.049554 0.332517
vt 0.623094 0.141956
vt 0.650611 0.148520
vt 0.183418 0.134515
vt 0.297860 0.145719
vt 0.983068 0.609321
vt 0.933005 0.609321
vt 0.979797 0.593630
vt 0.987188 0.591998
vt 0.935497 0.591998
vt 0.942500 0.574838
vt 0.269761 0.052769
vt 0.285128 0.081125
vt 0.815726 0.754194
vt 0.930717 0.986575
vt 0.775062 0.910952
vt 0.476194 0.816418
vt 0.405692 0.857528
vt 0.427932 0.839193
vt 0.011540 0.881125
vt 0.030371 0.910090
vt 0.001165 0.919580
vt 0.022153 0.881030
vt 0.709727 0.062930
vt 0.701644 0.073140
vt 0.075566 0.841085
vt 0.022095 0.841085
vt 0.035867 0.818122
vt 0.961202 0.836656
vt 0.966054 0.748791
vt 0.999945 0.772177
vt 0.685613 0.008038
vt 0.649077 0.034583
vt 0.655018 0.000513
vt 0.992759 0.850395
vt 0.878617 0.326404
vt 0.872920 0.291175
vt 0.922741 0.808642
vt 0.035109 0.692626
vt 0.374123 0.228912
vt 0.338412 0.195518
vt 0.142094 0.879837
vt 0.280652 0.031992
vt 0.241729 0.031992
vt 0.256277 0.001070
vt 0.509013 0.622319
vt 0.437132 0.647121
vt 0.427973 0.624064
vt 0.485515 0.577169
vt 0.870774 0.048849
vt 0.883488 0.087977
vt 0.806746 0.085602
vt 0.375360 0.106054
vt 0.371262 0.144357
vt 0.474182 0.354621
vt 0.481932 0.399747
vt 0.939020 0.692822
vt 0.998925 0.692822
vt 0.979940 0.717147
vt 0.411234 0.610872
vt 0.413955 0.666798
vt 0.136459 0.048919
vt 0.182590 0.032128
vt 0.189583 0.049764
vt 0.701602 0.290622
vt 0.706001 0.242027
vt 0.909531 0.742613
vt 0.930803 0.689876
vt 0.925888 0.741182
vt 0.671230 0.855360
vt 0.736419 0.827966
vt 0.932788 0.783674
vt 0.207285 0.621525
vt 0.153139 0.599880
vt 0.182772 0.548246
vt 0.281652 0.000245
vt 0.281652 0.030274
vt 0.261075 0.004366
vt 0.609697 0.119010
vt 0.338107 0.194763
vt 0.213838 0.383726
vt 0.206988 0.353137
vt 0.042089 0.994425
vt 0.031137 0.962849
vt 0.500466 0.046983
vt 0.557348 0.101858
vt 0.487347 0.121379
vt 0.557922 0.049783
vt 0.000002 0.854744
vt 0.017801 0.854744
vt 0.005171 0.898562
vt 0.480096 0.851146
vt 0.500058 0.841854
vt 0.032851 0.227586
vt 0.074542 0.258944
vt 0.028204 0.296467
vt 0.534520 0.857717
vt 0.907948 0.683652
vt 0.079203 0.844421
vt 0.255625 0.143205
vt 0.224786 0.203409
vt 0.212639 0.194434
vt 0.166043 0.141962
vt 0.875828 0.254218
vt 0.044656 0.302425
vt 0.856444 0.241326
vt 0.349833 0.788119
vt 0.720665 0.655307
vt 0.533990 0.024181
vt 0.505229 0.003285
vt 0.548687 0.003488
vt 0.350513 0.871165
vt 0.394646 0.852247
vt 0.638921 0.480239
vt 0.408386 0.606311
vt 0.445957 0.548063
vt 0.409796 0.472663
vt 0.706058 0.305833
vt 0.717916 0.294169
vt 0.770098 0.346351
vt 0.054261 0.342910
vt 0.728850 0.988188
vt 0.742286 0.969566
vt 0.768920 0.988216
vt 0.189834 0.774044
vt 0.188300 0.731497
vt 0.443343 0.809670
vt 0.392765 0.274472
vt 0.293982 0.379449
vt 0.710837 0.561067
vt 0.570711 0.072747
vt 0.818287 0.486310
vt 0.804837 0.580751
vt 0.512540 0.377152
vt 0.817849 0.291492
vt 0.908027 0.146346
vt 0.115100 0.740248
vt 0.123338 0.737644
vt 0.260653 0.143793
vt 0.074218 0.638187
vt 0.053054 0.631311
vt 0.074616 0.572393
vt 0.649348 0.414457
vt 0.780296 0.700272
vt 0.760834 0.659400
vt 0.914179 0.400737
vt 0.812922 0.725485
vt 0.121996 0.862126
vt 0.334506 0.269512
vt 0.445552 0.951185
vt 0.029002 0.402552
vt 0.307243 0.099520
vt 0.087367 0.023105
vt 0.274641 0.278223
vt 0.226296 0.280926
vt 0.586777 0.116124
vt 0.293181 0.680887
vt 0.075403 0.009862
vt 0.211122 0.303958
vt 0.168899 0.303883
vt 0.077239 0.044682
vt 0.024132 0.463297
vt 0.843096 0.036517
vt 0.808775 0.058959
vt 0.790169 0.022444
vt 0.097380 0.436921
vt 0.071087 0.722405
vt 0.127729 0.011193
vt 0.161685 0.000160
vt 0.167794 0.027307
vt 0.938285 0.992715
vt 0.255315 0.141268
vt 0.282456 0.016126
vt 0.339110 0.014365
vt 0.310874 0.036024
vt 0.338430 0.045323
vt 0.309244 0.057354
vt 0.285131 0.046974
vt 0.870161 0.638390
vt 0.839820 0.650464
vt 0.805947 0.662892
vt 0.814940 0.627697
vt 0.066523 0.994663
vt 0.112599 0.959511
vt 0.126929 0.973946
vt 0.101406 0.993731
vt 0.109783 0.362046
vt 0.525986 0.972805
vt 0.549235 0.994776
vt 0.367807 0.082332
vt 0.052825 0.066277
vt 0.961067 0.201945
vt 0.119280 0.847727
vt 0.137176 0.814409
vt 0.169046 0.147196
vt 0.092537 0.059188
vt 0.000022 0.776530
vt 0.000022 0.744833
vt 0.010151 0.768631
vt 0.430346 0.920607
vt 0.081109 0.066925
vt 0.033768 0.842501
vt 0.844402 0.330421
vt 0.808793 0.325234
vt 0.045709 0.789108
vt 0.214366 0.110328
vt 0.723450 0.970193
vt 0.990467 0.000296
vt 0.999406 0.028274
vt 0.973743 0.020207
vt 0.976519 0.046196
vt 0.940065 0.027640
vt 0.960906 0.000091
vt 0.419138 0.141714
vt 0.265139 0.956308
vt 0.043216 0.000079
vt 0.107803 0.364198
vt 0.337148 0.290218
vt 0.308155 0.247319
vt 0.038871 0.148429
vt 0.835405 0.068095
vt 0.017634 0.742385
vt 0.635118 0.961554
vt 0.957814 0.753274
s 1
usemtl Material
f 1/1/1 2/2/2 3/3/3
f 1/4/1 4/5/4 5/6/5
f 1/7/1 6/8/6 2/9/2
f 1/10/1 5/11/5 6/12/6
f 1/13/1 7/14/7 4/15/4
f 1/16/1 3/17/3 7/18/7
f 8/19/8 9/20/9 10/21/10
f 8/22/8 11/23/11 12/24/12
f 8/19/8 12/25/12 9/20/9
f 8/26/8 13/27/13 11/28/11
f 8/29/8 10/30/10 14/31/14
f 8/32/8 14/33/14 15/34/15
f 8/26/8 15/35/15 16/36/16
f 8/26/8 16/36/16 13/27/13
f 17/37/17 18/38/18 19/39/19
f 17/40/17 20/41/20 21/42/21
f 17/37/17 21/43/21 18/38/18
f 17/37/17 19/39/19 20/44/20
f 2/45/2 22/46/22 23/47/23
f 2/9/2 6/8/6 24/48/24
f 2/45/2 24/49/24 22/46/22
f 2/45/2 25/50/25 3/51/3
f 2/45/2 23/47/23 25/50/25
f 26/52/26 27/53/27 28/54/28
f 26/55/26 28/56/28 29/57/29
f 26/58/26 30/59/30 31/60/31
f 26/52/26 31/61/31 27/53/27
f 26/62/26 29/63/29 30/64/30
f 32/65/32 33/66/33 34/67/34
f 32/68/32 35/69/35 36/70/36
f 32/68/32 36/70/36 37/71/37
f 32/72/32 38/73/38 35/74/35
f 32/68/32 37/71/37 33/75/33
f 32/65/32 34/67/34 38/76/38
f 39/77/39 40/78/40 41/79/41
f 39/80/39 42/81/42 43/82/43
f 39/77/39 43/83/43 44/84/44
f 39/77/39 44/84/44 45/85/45
f 39/77/39 45/85/45 40/78/40
f 39/80/39 41/86/41 42/81/42
f 46/87/46 47/88/47 48/89/48
f 46/90/46 49/91/49 47/92/47
f 46/87/46 48/89/48 50/93/50
f 46/90/46 50/94/50 49/91/49
f 51/95/51 52/96/52 53/97/53
f 51/98/51 53/99/53 54/100/54
f 55/101/55 56/102/56 57/103/57
f 55/101/55 57/103/57 58/104/58
f 55/101/55 59/105/59 56/102/56
f 55/101/55 60/106/60 59/105/59
f 55/101/55 58/104/58 60/106/60
f 61/107/61 62/108/62 63/109/63
f 61/107/61 64/110/64 65/111/65
f 61/107/61 63/109/63 66/112/66
f 61/107/61 65/111/65 62/108/62
f 61/107/61 66/112/66 64/110/64
f 67/113/67 68/114/68 69/115/69
f 67/113/67 69/115/69 70/116/70
f 67/117/67 71/118/71 72/119/72
f 67/117/67 73/120/73 71/118/71
f 67/117/67 72/119/72 74/121/74
f 67/117/67 74/121/74 75/122/75
f 67/123/67 75/124/75 68/125/68
f 67/117/67 70/126/70 73/120/73
f 76/127/76 77/128/77 78/129/78
f 76/127/76 79/130/79 80/131/80
f 76/127/76 80/131/80 77/128/77
f 76/132/76 81/133/81 79/134/79
f 76/135/76 78/136/78 82/137/82
f 76/132/76 82/138/82 81/133/81
f 83/139/83 84/140/84 85/141/85
f 83/139/83 86/142/86 87/143/87
f 83/139/83 87/143/87 84/140/84
f 83/139/83 85/141/85 86/142/86
f 88/144/88 89/145/89 90/146/90
f 88/144/88 90/146/90 91/147/91
f 88/148/88 92/149/92 93/150/93
f 88/151/88 93/152/93 89/153/89
f 88/148/88 94/154/94 92/149/92
f 88/144/88 95/155/95 94/156/94
f 88/144/88 91/147/91 95/155/95
f 96/157/96 97/158/97 98/159/98
f 96/160/96 99/161/99 100/162/100
f 96/160/96 101/163/101 99/161/99
f 96/160/96 98/164/98 101/163/101
f 96/157/96 102/165/102 103/166/103
f 96/157/96 100/167/100 102/165/102
f 96/157/96 103/166/103 97/158/97
f 104/168/104 105/169/105 106/170/106
f 104/171/104 107/172/107 105/173/105
f 104/168/104 108/174/108 109/175/109
f 104/171/104 110/176/110 107/172/107
f 104/168/104 106/170/106 108/174/108
f 104/171/104 109/177/109 110/176/110
f 111/178/111 112/179/112 113/180/113
f 111/178/111 15/34/15 112/179/112
f 111/178/111 16/181/16 15/34/15
f 111/178/111 113/180/113 16/181/16
f 114/182/114 115/183/115 116/184/116
f 114/182/114 20/185/20 115/183/115
f 114/186/114 117/187/117 118/188/118
f 114/186/114 118/188/118 20/41/20
f 114/186/114 119/189/119 117/187/117
f 114/182/114 116/184/116 119/190/119
f 120/191/120 121/192/121 122/193/122
f 120/191/120 123/194/123 124/195/124
f 120/191/120 125/196/125 121/192/121
f 120/191/120 122/193/122 123/194/123
f 120/191/120 126/197/126 125/196/125
f 120/191/120 124/195/124 126/197/126
f 127/198/127 128/199/128 129/200/129
f 127/198/127 130/201/130 131/202/131
f 127/198/127 132/203/132 133/204/133
f 127/198/127 129/200/129 130/201/130
f 127/198/127 133/204/133 128/199/128
f 127/198/127 131/202/131 132/203/132
f 134/205/134 135/206/135 136/207/136
f 134/208/134 137/209/137 138/210/138
f 134/208/134 139/211/139 137/209/137
f 134/205/134 136/207/136 139/212/139
f 140/213/140 141/214/141 142/215/142
f 140/216/140 143/217/143 144/218/144
f 140/213/140 142/215/142 145/219/145
f 140/216/140 146/220/146 143/217/143
f 140/213/140 144/221/144 141/214/141
f 140/222/140 147/223/147 146/224/146
f 140/225/140 145/226/145 147/227/147
f 148/228/148 149/229/149 150/230/150
f 148/231/148 151/232/151 152/233/152
f 148/234/148 153/235/153 149/236/149
f 148/231/148 152/233/152 154/237/154
f 148/238/148 150/239/150 155/240/155
f 148/238/148 155/240/155 156/241/156
f 148/242/148 156/243/156 151/244/151
f 148/231/148 154/237/154 153/245/153
f 157/246/157 158/247/158 159/248/159
f 157/249/157 160/250/160 161/251/161
f 157/252/157 162/253/162 163/254/163
f 157/255/157 159/256/159 164/257/164
f 157/252/157 163/254/163 158/258/158
f 157/259/157 161/260/161 162/261/162
f 157/249/157 164/262/164 160/250/160
f 165/263/165 166/264/166 167/265/167
f 165/266/165 168/267/168 169/268/169
f 165/263/165 167/265/167 168/269/168
f 165/266/165 169/268/169 166/270/166
f 170/271/170 171/272/171 172/273/172
f 170/271/170 172/273/172 173/274/173
f 170/275/170 174/276/174 175/277/175
f 170/275/170 175/277/175 171/278/171
f 170/271/170 176/279/176 174/280/174
f 170/271/170 177/281/177 176/279/176
f 170/271/170 173/274/173 177/281/177
f 178/282/178 179/283/179 180/284/180
f 178/285/178 180/286/180 181/287/181
f 178/285/178 182/288/182 183/289/183
f 178/282/178 183/290/183 179/283/179
f 178/285/178 181/287/181 182/288/182
f 77/128/77 80/131/80 184/291/184
f 77/128/77 184/291/184 78/129/78
f 185/292/185 186/293/186 187/294/187
f 185/292/185 187/294/187 188/295/188
f 185/296/185 189/297/189 190/298/190
f 185/296/185 190/298/190 186/299/186
f 185/296/185 188/300/188 189/297/189
f 191/301/191 192/302/192 193/303/193
f 191/304/191 98/305/98 192/306/192
f 191/301/191 194/307/194 195/308/195
f 191/301/191 196/309/196 194/307/194
f 191/301/191 195/308/195 98/310/98
f 191/301/191 193/303/193 196/309/196
f 97/311/97 197/312/197 98/305/98
f 97/311/97 103/313/103 197/312/197
f 198/314/198 199/315/199 200/316/200
f 198/317/198 201/318/201 202/319/202
f 198/320/198 203/321/203 199/322/199
f 198/317/198 200/323/200 201/318/201
f 198/320/198 202/324/202 204/325/204
f 198/320/198 204/325/204 203/321/203
f 205/326/205 38/73/38 206/327/206
f 205/328/205 60/106/60 58/104/58
f 205/326/205 207/329/207 38/73/38
f 205/326/205 206/327/206 60/330/60
f 205/328/205 58/104/58 207/331/207
f 40/78/40 208/332/208 209/333/209
f 40/78/40 209/333/209 41/79/41
f 40/334/40 210/335/210 208/336/208
f 40/334/40 211/337/211 210/335/210
f 40/338/40 45/339/45 211/340/211
f 68/125/68 212/341/212 213/342/213
f 68/125/68 75/124/75 212/341/212
f 68/114/68 213/343/213 69/115/69
f 214/344/214 215/345/215 216/346/216
f 214/347/214 217/348/217 215/349/215
f 214/350/214 218/351/218 217/352/217
f 4/353/4 9/354/9 5/355/5
f 4/15/4 7/14/7 219/356/219
f 4/357/4 219/358/219 9/20/9
f 220/359/220 221/360/221 222/361/222
f 220/362/220 223/363/223 224/364/224
f 220/365/220 225/366/225 226/367/226
f 220/359/220 222/361/222 225/368/225
f 220/365/220 226/367/226 223/369/223
f 220/370/220 19/39/19 221/371/221
f 220/370/220 224/372/224 19/39/19
f 149/229/149 227/373/227 228/374/228
f 149/229/149 228/374/228 150/230/150
f 149/236/149 153/235/153 227/375/227
f 229/376/229 230/377/230 231/378/231
f 229/379/229 232/380/232 230/381/230
f 229/379/229 233/382/233 232/380/232
f 234/383/234 235/384/235 236/385/236
f 234/386/234 236/387/236 237/388/237
f 238/389/238 239/390/239 240/391/240
f 238/389/238 241/392/241 48/89/48
f 238/389/238 48/89/48 47/88/47
f 238/389/238 240/391/240 241/392/241
f 27/393/27 242/394/242 243/395/243
f 27/53/27 244/396/244 28/54/28
f 27/53/27 31/61/31 242/397/242
f 27/53/27 243/398/243 244/396/244
f 245/399/245 246/400/246 247/401/247
f 245/399/245 247/401/247 248/402/248
f 245/399/245 249/403/249 250/404/250
f 245/399/245 250/404/250 246/400/246
f 245/405/245 251/406/251 249/407/249
f 245/405/245 248/408/248 251/406/251
f 252/409/252 42/410/42 253/411/253
f 252/409/252 253/411/253 254/412/254
f 252/413/252 255/414/255 43/82/43
f 252/413/252 43/82/43 42/81/42
f 252/413/252 256/415/256 255/414/255
f 252/409/252 254/412/254 256/416/256
f 257/417/257 258/418/258 259/419/259
f 257/420/257 150/239/150 258/421/258
f 257/417/257 260/422/260 155/423/155
f 257/420/257 155/240/155 150/239/150
f 257/417/257 259/419/259 260/422/260
f 261/424/261 62/425/62 262/426/262
f 261/424/261 262/426/262 263/427/263
f 261/428/261 264/429/264 62/430/62
f 261/428/261 265/431/265 264/429/264
f 261/424/261 263/427/263 265/432/265
f 135/433/135 266/434/266 136/435/136
f 267/436/267 268/437/268 269/438/269
f 267/439/267 270/440/270 268/441/268
f 267/436/267 146/224/146 147/223/147
f 267/436/267 147/223/147 271/442/271
f 267/436/267 269/438/269 146/224/146
f 267/439/267 271/443/271 270/440/270
f 179/444/179 86/142/86 85/141/85
f 179/445/179 183/446/183 272/447/272
f 179/445/179 272/447/272 273/448/273
f 179/449/179 274/450/274 180/451/180
f 179/449/179 85/452/85 274/450/274
f 179/444/179 273/453/273 86/142/86
f 275/454/275 89/455/89 243/456/243
f 275/457/275 276/458/276 89/459/89
f 275/457/275 277/460/277 276/458/276
f 275/457/275 243/461/243 277/460/277
f 278/462/278 279/463/279 280/464/280
f 278/465/278 280/466/280 281/467/281
f 278/468/278 282/469/282 279/470/279
f 278/465/278 283/471/283 282/472/282
f 278/465/278 281/467/281 284/473/284
f 278/465/278 284/473/284 285/474/285
f 278/465/278 285/474/285 283/471/283
f 286/475/286 208/336/208 287/476/287
f 286/477/286 288/478/288 289/479/289
f 286/480/286 287/481/287 290/482/290
f 286/477/286 209/333/209 208/332/208
f 286/483/286 290/484/290 288/485/288
f 286/477/286 289/479/289 209/333/209
f 291/486/291 63/487/63 292/488/292
f 291/489/291 293/490/293 294/491/294
f 291/486/291 294/492/294 66/493/66
f 291/486/291 66/493/66 63/487/63
f 291/489/291 292/494/292 293/490/293
f 295/495/295 296/496/296 297/497/297
f 295/495/295 297/497/297 80/498/80
f 295/499/295 298/500/298 299/501/299
f 295/495/295 80/498/80 298/502/298
f 295/499/295 299/501/299 300/503/300
f 295/499/295 300/503/300 225/504/225
f 295/505/295 225/506/225 296/507/296
f 112/179/112 301/508/301 302/509/302
f 112/179/112 15/34/15 301/508/301
f 112/510/112 302/511/302 113/512/113
f 303/513/303 304/514/304 305/515/305
f 303/516/303 118/188/118 306/517/306
f 303/516/303 305/518/305 307/519/307
f 303/520/303 306/521/306 82/138/82
f 303/516/303 307/519/307 118/188/118
f 303/513/303 82/137/82 304/514/304
f 308/522/308 309/523/309 310/524/310
f 308/525/308 311/526/311 151/527/151
f 308/522/308 151/528/151 309/523/309
f 308/522/308 125/529/125 311/530/311
f 308/522/308 310/524/310 125/529/125
f 312/531/312 313/532/313 164/262/164
f 312/531/312 314/533/314 313/532/313
f 312/534/312 315/535/315 314/536/314
f 312/534/312 164/257/164 315/535/315
f 316/537/316 7/538/7 3/539/3
f 316/540/316 251/406/251 248/408/248
f 316/541/316 248/542/248 317/543/317
f 316/544/316 318/545/318 319/546/319
f 316/537/316 317/547/317 7/538/7
f 316/544/316 3/548/3 318/545/318
f 316/544/316 319/546/319 251/549/251
f 320/550/320 321/551/321 193/303/193
f 320/552/320 322/553/322 323/554/323
f 320/552/320 323/554/323 324/555/324
f 320/552/320 324/555/324 321/556/321
f 320/550/320 193/303/193 322/557/322
f 325/558/325 192/306/192 197/312/197
f 325/558/325 102/559/102 192/306/192
f 325/558/325 197/312/197 103/313/103
f 325/558/325 103/313/103 102/559/102
f 89/145/89 326/560/326 90/146/90
f 89/153/89 93/152/93 146/561/146
f 89/562/89 276/563/276 327/564/327
f 89/565/89 328/566/328 244/396/244
f 89/567/89 146/224/146 269/438/269
f 89/568/89 327/569/327 326/570/326
f 89/565/89 244/396/244 243/398/243
f 89/571/89 269/572/269 328/573/328
f 329/574/329 330/575/330 331/576/331
f 329/577/329 332/578/332 333/579/333
f 329/580/329 333/581/333 330/582/330
f 141/214/141 334/583/334 142/215/142
f 141/214/141 144/221/144 334/583/334
f 335/584/335 336/585/336 337/586/337
f 335/587/335 338/588/338 339/589/339
f 335/590/335 340/591/340 338/592/338
f 335/593/335 337/594/337 340/595/340
f 335/584/335 339/596/339 336/585/336
f 166/597/166 341/598/341 167/599/167
f 166/600/166 217/601/217 218/602/218
f 166/270/166 169/268/169 342/603/342
f 166/600/166 342/604/342 217/601/217
f 166/605/166 218/606/218 341/607/341
f 9/608/9 12/609/12 343/610/343
f 9/20/9 219/358/219 10/21/10
f 9/354/9 344/611/344 5/355/5
f 9/608/9 343/610/343 344/612/344
f 115/183/115 20/185/20 19/613/19
f 115/183/115 345/614/345 200/615/200
f 115/183/115 200/615/200 116/184/116
f 115/616/115 19/39/19 224/372/224
f 115/183/115 224/617/224 345/614/345
f 69/115/69 346/618/346 70/116/70
f 69/115/69 213/343/213 346/618/346
f 347/619/347 348/620/348 203/621/203
f 347/622/347 79/134/79 81/133/81
f 347/619/347 203/621/203 79/623/79
f 347/622/347 349/624/349 348/625/348
f 347/622/347 81/133/81 349/624/349
f 128/199/128 350/626/350 129/200/129
f 128/199/128 133/204/133 351/627/351
f 128/199/128 351/627/351 350/626/350
f 105/169/105 352/628/352 353/629/353
f 105/630/105 107/631/107 354/632/354
f 105/169/105 353/629/353 106/170/106
f 105/630/105 354/632/354 352/633/352
f 22/634/22 71/118/71 73/120/73
f 22/634/22 355/635/355 356/636/356
f 22/637/22 24/638/24 71/639/71
f 22/640/22 356/641/356 23/642/23
f 22/634/22 73/120/73 355/635/355
f 158/643/158 328/573/328 31/60/31
f 158/258/158 163/254/163 328/644/328
f 158/247/158 30/64/30 315/645/315
f 158/247/158 315/645/315 159/248/159
f 158/643/158 31/60/31 30/59/30
f 33/646/33 357/647/357 358/648/358
f 33/66/33 358/649/358 34/67/34
f 33/646/33 37/650/37 357/647/357
f 99/161/99 101/163/101 359/651/359
f 99/161/99 359/651/359 360/652/360
f 258/421/258 150/239/150 361/653/361
f 258/421/258 361/653/361 362/654/362
f 258/418/258 362/655/362 363/656/363
f 258/418/258 363/656/363 259/419/259
f 364/657/364 365/658/365 366/659/366
f 364/660/364 367/661/367 365/662/365
f 364/657/364 366/659/366 368/663/368
f 137/664/137 139/212/139 369/665/369
f 137/209/137 369/666/369 138/210/138
f 18/38/18 221/371/221 19/39/19
f 18/667/18 21/668/21 222/669/222
f 18/667/18 222/669/222 221/670/221
f 84/671/84 87/672/87 370/673/370
f 84/671/84 274/450/274 85/452/85
f 84/671/84 370/673/370 274/450/274
f 371/674/371 372/675/372 243/676/243
f 371/677/371 242/394/242 373/678/373
f 371/674/371 373/679/373 354/632/354
f 371/674/371 354/632/354 372/675/372
f 371/677/371 243/395/243 242/394/242
f 11/28/11 13/27/13 246/680/246
f 11/681/11 246/400/246 250/404/250
f 11/23/11 249/407/249 319/682/319
f 11/23/11 250/683/250 249/407/249
f 11/23/11 319/682/319 12/24/12
f 20/41/20 118/188/118 21/42/21
f 71/639/71 24/638/24 72/684/72
f 296/685/296 374/686/374 78/136/78
f 296/685/296 375/687/375 374/686/374
f 296/496/296 184/688/184 297/497/297
f 296/685/296 225/689/225 375/687/375
f 296/690/296 78/129/78 184/291/184
f 186/293/186 280/464/280 376/691/376
f 186/299/186 190/298/190 377/692/377
f 186/293/186 378/693/378 280/464/280
f 186/293/186 377/694/377 378/693/378
f 186/293/186 376/691/376 187/294/187
f 379/695/379 380/696/380 381/697/381
f 379/698/379 382/699/382 383/700/383
f 379/695/379 383/701/383 380/696/380
f 379/702/379 384/703/384 382/704/382
f 379/702/379 381/705/381 384/703/384
f 385/706/385 309/707/309 156/708/156
f 385/709/385 260/422/260 259/419/259
f 385/706/385 122/193/122 309/707/309
f 385/709/385 155/423/155 260/422/260
f 385/709/385 259/419/259 122/710/122
f 385/706/385 156/708/156 155/711/155
f 386/712/386 387/713/387 28/714/28
f 386/715/386 28/716/28 162/717/162
f 386/718/386 162/719/162 161/720/161
f 386/718/386 161/720/161 388/721/388
f 386/712/386 388/722/388 387/713/387
f 266/434/266 138/723/138 369/724/369
f 266/434/266 369/724/369 389/725/389
f 266/434/266 389/725/389 136/435/136
f 390/726/390 92/727/92 147/728/147
f 390/726/390 93/729/93 92/727/92
f 390/726/390 391/730/391 93/729/93
f 390/731/390 392/732/392 391/733/391
f 390/726/390 147/728/147 145/734/145
f 390/735/390 145/219/145 392/736/392
f 393/737/393 346/618/346 213/343/213
f 393/738/393 355/739/355 70/740/70
f 393/738/393 394/741/394 355/739/355
f 393/738/393 213/742/213 394/741/394
f 393/737/393 70/116/70 346/618/346
f 117/743/117 349/624/349 81/133/81
f 117/187/117 306/517/306 118/188/118
f 117/187/117 119/189/119 395/744/395
f 117/743/117 81/133/81 82/138/82
f 117/743/117 82/138/82 306/521/306
f 117/743/117 395/745/395 349/624/349
f 160/250/160 313/532/313 396/746/396
f 160/250/160 164/262/164 313/532/313
f 160/747/160 396/748/396 161/720/161
f 397/749/397 236/385/236 235/384/235
f 397/749/397 398/750/398 236/385/236
f 399/751/399 400/752/400 401/753/401
f 399/754/399 402/755/402 25/756/25
f 399/754/399 401/757/401 402/755/402
f 399/754/399 25/756/25 403/758/403
f 399/751/399 403/759/403 400/752/400
f 216/346/216 404/760/404 405/761/405
f 216/762/216 215/763/215 404/764/404
f 357/647/357 37/650/37 406/765/406
f 357/647/357 284/766/284 358/648/358
f 357/767/357 406/768/406 284/769/284
f 407/770/407 408/771/408 409/772/409
f 407/770/407 142/215/142 334/583/334
f 407/770/407 334/583/334 408/771/408
f 407/770/407 409/772/409 142/215/142
f 239/773/239 49/774/49 240/775/240
f 410/776/410 268/777/268 270/778/270
f 410/776/410 411/779/411 31/780/31
f 410/781/410 328/573/328 269/572/269
f 410/776/410 270/778/270 411/779/411
f 410/776/410 269/782/269 268/777/268
f 410/781/410 31/60/31 328/573/328
f 412/783/412 413/784/413 414/785/414
f 412/786/412 56/787/56 415/788/415
f 412/783/412 57/103/57 56/102/56
f 412/783/412 414/785/414 57/103/57
f 412/786/412 330/582/330 413/789/413
f 412/786/412 415/788/415 330/582/330
f 199/790/199 348/620/348 395/791/395
f 199/790/199 203/621/203 348/620/348
f 199/792/199 416/793/416 200/615/200
f 199/792/199 395/794/395 416/793/416
f 417/795/417 311/796/311 337/586/337
f 417/795/417 418/797/418 419/798/419
f 417/795/417 336/585/336 418/797/418
f 417/795/417 420/799/420 311/796/311
f 417/795/417 337/586/337 336/585/336
f 417/795/417 419/798/419 420/799/420
f 421/800/421 422/801/422 423/802/423
f 421/803/421 230/804/230 232/805/232
f 421/803/421 424/806/424 422/807/422
f 421/803/421 425/808/425 230/804/230
f 421/803/421 232/805/232 424/806/424
f 421/800/421 423/802/423 425/809/425
f 12/609/12 319/810/319 343/610/343
f 90/146/90 326/560/326 91/147/91
f 408/771/408 334/583/334 426/811/426
f 408/771/408 427/812/427 409/772/409
f 408/771/408 426/811/426 427/812/427
f 428/813/428 54/100/54 53/99/53
f 428/814/428 53/815/53 429/816/429
f 279/817/279 282/818/282 430/819/430
f 279/463/279 59/820/59 376/691/376
f 279/817/279 430/819/430 415/821/415
f 279/822/279 415/788/415 59/823/59
f 279/463/279 376/691/376 280/464/280
f 380/696/380 431/824/431 381/697/381
f 380/696/380 383/701/383 432/825/432
f 380/696/380 432/825/432 431/824/431
f 400/826/400 212/341/212 433/827/433
f 400/826/400 433/827/433 401/828/401
f 400/829/400 434/830/434 212/831/212
f 400/829/400 403/832/403 434/830/434
f 404/764/404 130/833/130 435/834/435
f 404/764/404 435/834/435 436/835/436
f 404/764/404 215/763/215 130/833/130
f 404/764/404 436/835/436 405/836/405
f 437/837/437 438/838/438 439/839/439
f 437/837/437 440/840/440 441/841/441
f 437/837/437 439/839/439 440/840/440
f 437/842/437 442/843/442 443/844/443
f 437/837/437 443/845/443 438/838/438
f 437/842/437 441/846/441 442/843/442
f 92/149/92 94/154/94 373/847/373
f 92/149/92 270/440/270 271/443/271
f 92/149/92 373/847/373 270/440/270
f 92/149/92 271/443/271 147/848/147
f 444/849/444 123/850/123 363/656/363
f 444/849/444 445/851/445 124/852/124
f 444/849/444 363/656/363 445/851/445
f 444/849/444 124/852/124 123/850/123
f 446/853/446 447/854/447 264/429/264
f 446/855/446 448/856/448 447/857/447
f 446/858/446 449/859/449 450/860/450
f 446/858/446 450/860/450 448/861/448
f 446/853/446 264/429/264 265/431/265
f 446/862/446 265/863/265 451/864/451
f 446/862/446 451/864/451 449/865/449
f 452/866/452 301/867/301 453/868/453
f 452/866/452 453/868/453 317/869/317
f 452/870/452 248/871/248 302/511/302
f 452/866/452 317/869/317 248/872/248
f 452/870/452 302/511/302 301/873/301
f 201/874/201 454/875/454 175/277/175
f 201/318/201 345/876/345 454/877/454
f 201/318/201 175/878/175 202/319/202
f 201/318/201 200/323/200 345/876/345
f 6/879/6 5/880/5 72/684/72
f 6/879/6 72/684/72 24/638/24
f 297/497/297 184/688/184 80/498/80
f 13/27/13 16/36/16 113/881/113
f 13/27/13 113/881/113 246/680/246
f 321/551/321 196/309/196 193/303/193
f 321/556/321 324/555/324 455/882/455
f 321/551/321 455/883/455 456/884/456
f 321/551/321 456/884/456 196/309/196
f 101/163/101 98/164/98 195/885/195
f 101/886/101 457/887/457 359/888/359
f 101/886/101 195/889/195 457/887/457
f 374/890/374 375/891/375 222/669/222
f 374/890/374 21/668/21 458/892/458
f 374/890/374 222/669/222 21/668/21
f 374/686/374 458/893/458 78/136/78
f 280/466/280 378/894/378 281/467/281
f 208/336/208 210/335/210 287/476/287
f 309/707/309 151/895/151 156/708/156
f 309/707/309 121/192/121 310/896/310
f 309/707/309 122/193/122 121/192/121
f 387/713/387 314/897/314 29/898/29
f 387/713/387 29/898/29 28/714/28
f 387/713/387 388/722/388 314/897/314
f 438/899/438 443/900/443 459/901/459
f 438/838/438 449/859/449 439/839/439
f 438/899/438 459/901/459 460/902/460
f 438/838/438 450/860/450 449/859/449
f 438/903/438 461/904/461 450/905/450
f 438/903/438 460/906/460 461/904/461
f 171/907/171 454/908/454 462/909/462
f 171/278/171 175/277/175 454/875/454
f 171/272/171 462/910/462 172/273/172
f 463/911/463 445/851/445 362/655/362
f 463/912/463 464/913/464 126/197/126
f 463/914/463 362/654/362 340/915/340
f 463/911/463 126/916/126 445/851/445
f 463/914/463 340/915/340 464/917/464
f 465/918/465 466/919/466 424/806/424
f 465/920/465 368/663/368 366/659/366
f 465/920/465 424/921/424 368/663/368
f 465/918/465 366/922/366 466/919/466
f 467/923/467 468/924/468 469/925/469
f 467/926/467 470/927/470 471/928/471
f 467/929/467 472/930/472 470/931/470
f 467/926/467 471/928/471 468/932/468
f 180/451/180 274/450/274 370/673/370
f 180/451/180 370/673/370 181/933/181
f 298/934/298 79/935/79 473/936/473
f 298/934/298 473/936/473 474/937/474
f 298/502/298 80/498/80 79/938/79
f 298/934/298 474/937/474 299/939/299
f 246/400/246 113/940/113 247/401/247
f 192/306/192 98/305/98 197/312/197
f 192/941/192 102/942/102 475/943/475
f 192/941/192 475/943/475 193/944/193
f 348/625/348 349/624/349 395/745/395
f 422/945/422 476/946/476 477/947/477
f 422/948/422 466/949/466 476/950/476
f 422/801/422 477/951/477 423/802/423
f 422/807/422 424/806/424 466/919/466
f 326/570/326 327/569/327 108/174/108
f 326/560/326 108/952/108 91/147/91
f 402/953/402 401/954/401 75/122/75
f 402/955/402 318/545/318 25/956/25
f 402/957/402 74/958/74 343/959/343
f 402/953/402 75/122/75 74/121/74
f 402/960/402 343/961/343 319/962/319
f 402/955/402 319/546/319 318/545/318
f 130/833/130 129/963/129 435/834/435
f 130/833/130 215/763/215 131/964/131
f 35/74/35 57/965/57 414/966/414
f 35/74/35 414/966/414 36/967/36
f 35/74/35 38/73/38 207/329/207
f 35/74/35 207/329/207 57/965/57
f 478/968/478 479/969/479 480/970/480
f 478/968/478 481/971/481 479/969/479
f 478/968/478 480/970/480 427/972/427
f 478/973/478 144/974/144 481/975/481
f 478/968/478 427/972/427 426/976/426
f 478/977/478 426/811/426 144/221/144
f 482/978/482 483/979/483 484/980/484
f 482/978/482 484/980/484 485/981/485
f 482/978/482 486/982/486 483/979/483
f 482/978/482 485/981/485 487/983/487
f 482/978/482 487/983/487 486/982/486
f 488/984/488 174/985/174 176/986/176
f 488/984/488 176/986/176 177/987/177
f 488/984/488 489/988/489 490/989/490
f 488/990/488 491/991/491 174/992/174
f 488/984/488 177/987/177 489/988/489
f 488/984/488 490/989/490 491/993/491
f 301/867/301 14/31/14 453/868/453
f 301/508/301 15/34/15 14/33/14
f 143/217/143 481/994/481 144/218/144
f 143/217/143 146/220/146 481/994/481
f 311/995/311 125/996/125 337/997/337
f 311/796/311 420/799/420 492/998/492
f 311/526/311 492/999/492 151/527/151
f 440/840/440 439/839/439 449/859/449
f 440/840/440 449/859/449 441/841/441
f 86/142/86 273/453/273 87/143/87
f 493/1000/493 322/1001/322 475/1002/475
f 493/1000/493 475/1002/475 494/1003/494
f 493/1000/493 360/652/360 322/1001/322
f 468/924/468 495/1004/495 469/925/469
f 468/1005/468 262/1006/262 495/1007/495
f 468/1005/468 496/1008/496 262/1006/262
f 139/212/139 136/207/136 369/665/369
f 454/908/454 345/1009/345 462/909/462
f 5/880/5 344/1010/344 72/684/72
f 372/1011/372 107/1012/107 277/460/277
f 372/1013/372 277/1014/277 243/1015/243
f 372/675/372 354/632/354 107/631/107
f 497/1016/497 283/1017/283 498/1018/498
f 497/1019/497 331/1020/331 499/1021/499
f 497/1022/497 499/1023/499 283/1024/283
f 479/1025/479 481/1026/481 391/1027/391
f 479/1028/479 500/1029/500 480/1030/480
f 479/1028/479 391/733/391 500/1029/500
f 182/288/182 181/287/181 501/1031/501
f 182/288/182 501/1031/501 502/1032/502
f 182/288/182 502/1032/502 183/289/183
f 79/1033/79 203/1034/203 473/1035/473
f 187/294/187 376/691/376 188/295/188
f 431/1036/431 503/1037/503 504/1038/504
f 431/1039/431 504/1040/504 505/1041/505
f 431/1042/431 432/1043/432 503/1044/503
f 431/1039/431 505/1041/505 381/1045/381
f 151/527/151 492/999/492 152/1046/152
f 405/1047/405 167/1048/167 341/1049/341
f 405/1050/405 436/1051/436 167/1052/167
f 506/1053/506 503/1054/503 293/1055/293
f 506/1056/506 293/1057/293 460/1058/460
f 506/1059/506 443/900/443 504/1060/504
f 506/1053/506 504/1061/504 503/1054/503
f 506/1059/506 459/901/459 443/900/443
f 506/1056/506 460/1058/460 459/1062/459
f 481/1063/481 93/729/93 391/730/391
f 481/1064/481 146/561/146 93/152/93
f 413/1065/413 36/967/36 414/966/414
f 413/789/413 330/582/330 333/581/333
f 413/1066/413 507/1067/507 36/70/36
f 413/1066/413 333/1068/333 507/1067/507
f 508/1069/508 288/1070/288 509/1071/509
f 508/1072/508 44/1073/44 288/1074/288
f 508/1072/508 211/340/211 45/339/45
f 508/1072/508 45/339/45 44/1073/44
f 418/797/418 336/585/336 510/1075/510
f 418/797/418 510/1075/510 419/798/419
f 511/1076/511 132/203/132 512/1077/512
f 511/1076/511 133/204/133 132/203/132
f 511/1076/511 513/1078/513 351/627/351
f 511/1076/511 351/627/351 133/204/133
f 511/1079/511 512/1080/512 513/1081/513
f 10/30/10 453/868/453 14/31/14
f 10/1082/10 219/1083/219 453/1084/453
f 355/739/355 394/741/394 356/1085/356
f 355/1086/355 73/1087/73 70/1088/70
f 304/514/304 78/136/78 458/893/458
f 304/514/304 82/137/82 78/136/78
f 304/514/304 458/893/458 305/515/305
f 476/1089/476 466/1090/466 514/1091/514
f 476/1092/476 515/1093/515 516/1094/516
f 476/1095/476 516/1096/516 423/802/423
f 476/1092/476 514/1097/514 515/1093/515
f 476/1098/476 423/1099/423 477/1100/477
f 352/628/352 373/1101/373 353/629/353
f 352/633/352 354/632/354 373/679/373
f 473/1035/473 203/1034/203 204/1102/204
f 473/936/473 517/1103/517 474/937/474
f 473/936/473 204/1104/204 517/1103/517
f 247/1105/247 518/1106/518 248/871/248
f 247/1105/247 113/512/113 518/1106/518
f 519/1107/519 457/887/457 195/889/195
f 519/1107/519 195/889/195 455/882/455
f 519/1107/519 323/554/323 457/887/457
f 519/1107/519 324/555/324 323/554/323
f 519/1107/519 455/882/455 324/555/324
f 394/741/394 520/1108/520 403/832/403
f 394/741/394 213/742/213 520/1108/520
f 394/741/394 403/832/403 356/1085/356
f 62/1109/62 470/1110/470 495/1111/495
f 62/108/62 384/1112/384 470/1113/470
f 62/1109/62 495/1111/495 262/1114/262
f 62/430/62 264/429/264 521/1115/521
f 62/108/62 522/1116/522 384/1112/384
f 62/430/62 521/1115/521 63/1117/63
f 62/108/62 65/111/65 522/1116/522
f 172/273/172 223/1118/223 173/274/173
f 172/273/172 462/910/462 223/1118/223
f 183/446/183 502/1119/502 523/1120/523
f 183/446/183 523/1120/523 272/447/272
f 189/1121/189 188/1122/188 524/1123/524
f 189/297/189 281/467/281 190/298/190
f 189/297/189 284/473/284 281/467/281
f 189/1124/189 524/1125/524 284/1126/284
f 102/1127/102 100/1128/100 494/1003/494
f 102/1127/102 494/1003/494 475/1002/475
f 107/1012/107 110/1129/110 277/460/277
f 282/1130/282 283/1024/283 499/1023/499
f 282/1130/282 499/1023/499 430/1131/430
f 382/704/382 525/1132/525 383/1133/383
f 382/704/382 384/703/384 522/1134/522
f 382/704/382 522/1134/522 525/1132/525
f 121/192/121 125/196/125 310/896/310
f 466/919/466 366/922/366 514/1135/514
f 249/407/249 251/406/251 319/682/319
f 142/215/142 392/736/392 145/219/145
f 142/1136/142 409/1137/409 392/732/392
f 356/641/356 403/758/403 23/642/23
f 56/787/56 59/823/59 415/788/415
f 64/110/64 526/1138/526 65/111/65
f 64/1139/64 527/1140/527 526/1141/526
f 64/1142/64 66/1143/66 527/1144/527
f 528/1145/528 529/1146/529 530/1147/530
f 528/1148/528 152/1149/152 492/1150/492
f 528/1151/528 492/1152/492 529/1153/529
f 132/203/132 131/202/131 512/1077/512
f 87/1154/87 531/1155/531 370/1156/370
f 87/143/87 273/453/273 532/1157/532
f 87/1158/87 532/1159/532 531/1160/531
f 227/1161/227 529/1162/529 420/799/420
f 227/375/227 153/235/153 530/1163/530
f 227/375/227 530/1163/530 529/1164/529
f 227/373/227 420/1165/420 228/374/228
f 231/378/231 365/1166/365 367/1167/367
f 231/378/231 230/377/230 365/1166/365
f 375/891/375 225/1168/225 222/669/222
f 483/1169/483 533/1170/533 484/1171/484
f 483/1172/483 294/1173/294 534/1174/534
f 483/1169/483 534/1175/534 533/1170/533
f 483/979/483 486/982/486 527/1176/527
f 483/1172/483 527/1177/527 535/1178/535
f 483/1172/483 535/1178/535 294/1173/294
f 411/779/411 270/778/270 242/394/242
f 411/779/411 242/394/242 31/780/31
f 36/70/36 507/1067/507 37/71/37
f 322/1179/322 193/944/193 475/943/475
f 322/1001/322 360/652/360 359/651/359
f 322/553/322 359/888/359 323/554/323
f 42/410/42 536/1180/536 253/411/253
f 42/81/42 41/86/41 536/1181/536
f 537/1182/537 300/503/300 489/1183/489
f 537/1184/537 489/988/489 177/987/177
f 537/1182/537 225/504/225 300/503/300
f 537/1185/537 226/367/226 225/366/225
f 537/1186/537 177/281/177 173/274/173
f 537/1185/537 173/1187/173 226/367/226
f 118/188/118 307/519/307 21/42/21
f 212/341/212 75/124/75 433/827/433
f 212/831/212 434/830/434 213/742/213
f 435/834/435 129/963/129 350/1188/350
f 435/834/435 350/1188/350 351/1189/351
f 435/834/435 351/1189/351 436/835/436
f 345/1009/345 224/1190/224 462/909/462
f 123/850/123 122/710/122 259/419/259
f 123/850/123 259/419/259 363/656/363
f 365/1191/365 230/804/230 425/808/425
f 365/1192/365 538/1193/538 366/1194/366
f 365/1195/365 425/1196/425 538/1197/538
f 539/1198/539 168/267/168 540/1199/540
f 539/1198/539 169/268/169 168/267/168
f 539/1198/539 540/1199/540 342/603/342
f 539/1198/539 342/603/342 169/268/169
f 174/992/174 491/991/491 202/1200/202
f 174/276/174 202/1201/202 175/277/175
f 401/954/401 433/1202/433 75/122/75
f 276/458/276 277/460/277 110/1129/110
f 276/563/276 110/176/110 327/564/327
f 190/298/190 281/467/281 377/692/377
f 228/374/228 361/1203/361 150/230/150
f 228/374/228 420/1165/420 419/1204/419
f 228/374/228 541/1205/541 361/1203/361
f 228/374/228 419/1204/419 541/1205/541
f 442/843/442 504/1040/504 443/844/443
f 442/1206/442 449/1207/449 451/1208/451
f 442/1206/442 441/1209/441 449/1207/449
f 442/843/442 496/1210/496 505/1041/505
f 442/843/442 263/1211/263 496/1210/496
f 442/1212/442 451/1213/451 263/1214/263
f 442/843/442 505/1041/505 504/1040/504
f 542/1215/542 63/1216/63 448/1217/448
f 542/1218/542 293/1219/293 292/1220/292
f 542/1215/542 448/1217/448 461/1221/461
f 542/1222/542 461/1223/461 460/1058/460
f 542/1222/542 460/1058/460 293/1057/293
f 542/1215/542 292/1224/292 63/1216/63
f 237/1225/237 236/385/236 398/750/398
f 503/1044/503 432/1043/432 543/1226/543
f 503/1044/503 543/1226/543 293/1227/293
f 28/54/28 244/396/244 162/1228/162
f 518/1106/518 302/511/302 248/871/248
f 518/1106/518 113/512/113 302/511/302
f 500/1029/500 391/733/391 392/732/392
f 500/1029/500 392/732/392 409/1137/409
f 500/1229/500 409/1230/409 480/1231/480
f 253/1232/253 209/1233/209 289/1234/289
f 253/1232/253 536/1181/536 41/86/41
f 253/1232/253 289/1234/289 254/1235/254
f 253/1232/253 41/86/41 209/1233/209
f 328/566/328 162/1228/162 244/396/244
f 328/1236/328 163/1237/163 162/1238/162
f 57/103/57 207/331/207 58/104/58
f 509/1239/509 288/1240/288 290/482/290
f 181/287/181 531/1241/531 501/1031/501
f 181/287/181 370/1242/370 531/1241/531
f 63/1243/63 447/1244/447 448/1245/448
f 63/1117/63 521/1115/521 447/854/447
f 94/1246/94 95/1247/95 353/629/353
f 94/1246/94 353/629/353 373/1101/373
f 194/307/194 196/309/196 456/884/456
f 194/307/194 456/884/456 195/308/195
f 270/778/270 373/678/373 242/394/242
f 288/1248/288 255/1249/255 289/1250/289
f 288/1251/288 44/84/44 255/1252/255
f 529/1162/529 492/998/492 420/799/420
f 538/1253/538 515/1254/515 514/1255/514
f 538/1256/538 425/809/425 516/1096/516
f 538/1256/538 516/1096/516 544/1257/544
f 538/1253/538 514/1255/514 366/1258/366
f 538/1259/538 544/1260/544 515/1093/515
f 272/447/272 523/1120/523 532/1159/532
f 272/447/272 532/1159/532 273/448/273
f 95/155/95 91/147/91 106/1261/106
f 95/1247/95 106/170/106 353/629/353
f 313/532/313 314/533/314 396/746/396
f 533/1262/533 534/1263/534 543/1264/543
f 533/1170/533 543/1265/543 484/1171/484
f 358/648/358 284/766/284 524/1266/524
f 358/649/358 206/1267/206 34/67/34
f 358/649/358 524/1268/524 206/1267/206
f 457/887/457 323/554/323 359/888/359
f 445/851/445 363/656/363 362/655/362
f 445/851/445 126/916/126 124/852/124
f 368/1269/368 424/1270/424 233/382/233
f 453/1084/453 7/538/7 317/547/317
f 453/1084/453 219/1083/219 7/538/7
f 293/1271/293 534/1272/534 294/1273/294
f 293/1271/293 543/1274/543 534/1272/534
f 283/1275/283 285/1276/285 498/1277/498
f 525/1132/525 545/1278/545 526/1279/526
f 525/1280/525 486/1281/486 383/1282/383
f 525/1132/525 526/1279/526 486/1283/486
f 525/1132/525 522/1134/522 545/1278/545
f 294/492/294 535/1284/535 66/493/66
f 429/1285/429 53/97/53 52/96/52
f 188/1286/188 59/1287/59 546/1288/546
f 188/1286/188 546/1288/546 524/1289/524
f 188/295/188 376/691/376 59/820/59
f 383/701/383 484/1290/484 432/825/432
f 383/1282/383 486/1281/486 485/1291/485
f 383/701/383 485/1292/485 484/1290/484
f 159/256/159 315/535/315 164/257/164
f 424/1270/424 232/380/232 233/382/233
f 25/956/25 318/545/318 3/548/3
f 25/756/25 23/642/23 403/758/403
f 515/1093/515 544/1260/544 516/1094/516
f 38/76/38 34/67/34 206/1267/206
f 480/970/480 409/1293/409 427/972/427
f 241/392/241 240/391/240 48/89/48
f 59/105/59 60/106/60 546/1294/546
f 470/1295/470 472/1296/472 495/1297/495
f 470/927/470 384/703/384 471/928/471
f 336/1298/336 339/589/339 510/1299/510
f 531/1160/531 532/1159/532 501/1300/501
f 255/1301/255 256/1302/256 254/1235/254
f 255/1252/255 44/84/44 43/83/43
f 255/1301/255 254/1235/254 289/1234/289
f 305/518/305 458/1303/458 307/519/307
f 378/894/378 377/692/377 281/467/281
f 125/1304/125 464/1305/464 337/1306/337
f 125/196/125 126/197/126 464/913/464
f 447/854/447 521/1115/521 264/429/264
f 168/269/168 167/265/167 540/1307/540
f 472/1308/472 547/1309/547 495/1310/495
f 299/501/299 489/1183/489 300/503/300
f 299/1311/299 474/1312/474 490/989/490
f 299/1311/299 490/989/490 489/988/489
f 361/1203/361 541/1205/541 340/1313/340
f 361/653/361 340/915/340 362/654/362
f 484/1314/484 543/1226/543 432/1043/432
f 60/1315/60 206/1267/206 524/1268/524
f 60/106/60 524/1316/524 546/1294/546
f 384/703/384 381/705/381 471/928/471
f 425/809/425 423/802/423 516/1096/516
f 91/147/91 108/952/108 106/1261/106
f 334/583/334 144/221/144 426/811/426
f 430/819/430 330/1317/330 415/821/415
f 430/1131/430 331/1318/331 330/1319/330
f 430/1131/430 499/1023/499 331/1318/331
f 119/189/119 416/1320/416 395/744/395
f 119/190/119 116/184/116 416/793/416
f 464/1305/464 340/1321/340 337/1306/337
f 545/1322/545 522/1116/522 65/111/65
f 545/1322/545 65/111/65 526/1138/526
f 167/1052/167 436/1051/436 540/1323/540
f 72/684/72 344/1010/344 343/959/343
f 72/684/72 343/959/343 74/958/74
f 195/889/195 456/1324/456 455/882/455
f 547/1325/547 469/925/469 495/1004/495
f 448/1326/448 450/1327/450 461/1328/461
f 223/1118/223 462/910/462 224/1329/224
f 223/369/223 226/367/226 173/1187/173
f 327/564/327 110/176/110 109/177/109
f 327/569/327 109/175/109 108/174/108
f 517/1330/517 491/991/491 490/1331/490
f 517/1103/517 490/1332/490 474/937/474
f 517/1330/517 204/1333/204 491/991/491
f 37/71/37 507/1067/507 406/1334/406
f 369/724/369 136/435/136 389/725/389
f 501/1300/501 523/1120/523 502/1119/502
f 501/1300/501 532/1159/532 523/1120/523
f 215/349/215 217/348/217 512/1335/512
f 215/1336/215 512/1077/512 131/202/131
f 284/769/284 406/768/406 285/1337/285
f 486/982/486 526/1338/526 527/1176/527
f 486/982/486 487/983/487 485/981/485
f 416/793/416 116/184/116 200/615/200
f 161/720/161 396/748/396 388/721/388
f 262/1006/262 496/1008/496 263/1339/263
f 217/1340/217 342/1341/342 512/1080/512
f 307/519/307 458/1303/458 21/42/21
f 314/897/314 315/1342/315 29/898/29
f 314/1343/314 388/721/388 396/748/396
f 49/774/49 50/1344/50 240/775/240
f 491/991/491 204/1333/204 202/1200/202
f 513/1081/513 540/1345/540 351/1346/351
f 513/1081/513 342/1341/342 540/1345/540
f 513/1081/513 512/1080/512 342/1341/342
f 338/588/338 340/1313/340 339/589/339
f 48/1347/48 240/775/240 50/1344/50
f 332/1348/332 285/1337/285 406/768/406
f 332/1349/332 498/1350/498 285/1351/285
f 332/578/332 406/1352/406 333/579/333
f 351/1353/351 540/1323/540 436/1051/436
f 520/1108/520 213/742/213 434/830/434
f 520/1108/520 434/830/434 403/832/403
f 541/1205/541 419/1204/419 339/589/339
f 541/1205/541 339/589/339 340/1313/340
f 496/1210/496 381/1045/381 505/1041/505
f 30/64/30 29/63/29 315/645/315
f 507/1354/507 333/1355/333 406/1356/406
f 265/432/265 263/427/263 451/1357/451
f 527/1144/527 66/1143/66 535/1358/535
f 510/1299/510 339/589/339 419/1204/419
f 100/1359/100 99/1360/99 548/1361/548
f 99/1360/99 360/1362/360 548/1361/548
f 360/1362/360 493/1363/493 548/1361/548
f 493/1363/493 494/1364/494 548/1361/548
f 494/1364/494 100/1359/100 548/1361/548
f 233/1365/233 229/376/229 549/1366/549
f 229/376/229 231/378/231 549/1366/549
f 231/378/231 367/1167/367 549/1366/549
f 367/1167/367 364/1367/364 549/1366/549
f 364/1367/364 368/1368/368 549/1366/549
f 368/1269/368 233/382/233 549/1369/549
f 218/1370/218 214/344/214 550/1371/550
f 214/344/214 216/346/216 550/1371/550
f 216/346/216 405/761/405 550/1371/550
f 405/761/405 341/1372/341 550/1371/550
f 341/607/341 218/606/218 550/1373/550
f 211/1374/211 508/1069/508 551/1375/551
f 508/1069/508 509/1071/509 551/1375/551
f 509/1239/509 290/482/290 551/1376/551
f 290/482/290 287/481/287 551/1376/551
f 287/476/287 210/335/210 551/1377/551
f 210/335/210 211/337/211 551/1377/551
f 152/1149/152 528/1148/528 552/1378/552
f 528/1145/528 530/1147/530 552/1379/552
f 530/1147/530 153/1380/153 552/1379/552
f 153/245/153 154/237/154 552/1381/552
f 154/237/154 152/233/152 552/1381/552
f 496/1008/496 468/1005/468 553/1382/553
f 468/1383/468 471/1384/471 553/1385/553
f 471/928/471 381/705/381 553/1386/553
f 381/1387/381 496/1008/496 553/1382/553
f 52/96/52 51/95/51 554/1388/554
f 51/98/51 54/100/54 554/1389/554
f 54/100/54 428/813/428 554/1389/554
f 428/813/428 429/1390/429 554/1389/554
f 429/1285/429 52/96/52 554/1388/554
f 472/930/472 467/929/467 555/1391/555
f 467/923/467 469/925/469 555/1392/555
f 469/925/469 547/1325/547 555/1392/555
f 547/1309/547 472/1308/472 555/1393/555
f 235/1394/235 234/1395/234 556/1396/556
f 234/1395/234 237/1397/237 556/1396/556
f 237/1397/237 398/1398/398 556/1396/556
f 398/1398/398 397/1399/397 556/1396/556
f 397/1399/397 235/1394/235 556/1396/556
f 239/390/239 238/389/238 557/1400/557
f 238/389/238 47/88/47 557/1400/557
f 47/92/47 49/91/49 557/1401/557
f 49/774/49 239/773/239 557/1402/557
f 332/578/332 329/577/329 558/1403/558
f 329/1404/329 331/1020/331 558/1405/558
f 331/1020/331 497/1019/497 558/1405/558
f 497/1016/497 498/1018/498 558/1406/558
f 498/1350/498 332/1349/332 558/1407/558
f 135/206/135 134/205/134 559/1408/559
f 134/208/134 138/210/138 559/1409/559
f 138/723/138 266/434/266 559/1410/559
f 266/434/266 135/433/135 559/1410/559
